n,n_days,n_bins,n_hi,n_lo,q_hi_mean,q_lo_mean,spread,spread_lo95,spread_hi95,spearman,spearman_lo95,spearman_hi95,p_boot,population,factor,outcome,nq,is_spread,is_n,oos_spread,oos_lo95,oos_hi95,oos_n,oos_sign_agrees,split_date,q_value,q_value_dedup
1205,67,3,331,445,0.1117824773413897,0.2449438202247191,-0.1331613428833293,-0.1940246345053942,-0.0860143776295935,-0.1479508589091722,-0.2215882147815424,-0.0815246667677257,0.001,P1_orion_strict,f_dte,y_tp,3,-0.1192318319977894,886.0,-0.2924075275794938,-0.4787329994881063,-0.1287825985459881,319.0,True,2026-05-13,0.0268333333333333,0.03175
1205,67,3,331,445,0.0060422960725075,0.0584269662921348,-0.0523846702196272,-0.0877090445864519,-0.0240349783249213,-0.1656846403608793,-0.2374283435588223,-0.091449684765011,0.001,P1_orion_strict,f_dte,y_orion_opt,3,-0.0818596297319701,886.0,-0.0572355613238157,-0.1820144373677417,0.0294117647058823,319.0,True,2026-05-13,0.0268333333333333,
1205,67,3,331,445,0.0060422960725075,0.0584269662921348,-0.0523846702196272,-0.0877090445864519,-0.0240349783249213,-0.1656846403608793,-0.2374283435588223,-0.091449684765011,0.001,P1_orion_strict,f_dte,y_orion_pess,3,-0.0818596297319701,886.0,-0.0572355613238157,-0.1820144373677417,0.0294117647058823,319.0,True,2026-05-13,0.0268333333333333,0.03175
1189,67,3,395,397,0.0531645569620253,0.0075566750629722,0.045607881899053,0.0177495976613355,0.0776530473397402,0.1272068765532365,0.0540265543133211,0.1988130181489918,0.001,P1_orion_strict,f_vol_oi,y_orion_opt,3,0.04759583014093,880.0,0.0448240165631469,-0.0063198669721607,0.102220621450161,309.0,True,2026-05-13,0.0268333333333333,
1189,67,3,395,397,0.0531645569620253,0.0075566750629722,0.045607881899053,0.0177495976613355,0.0776530473397402,0.1272068765532365,0.0540265543133211,0.1988130181489918,0.001,P1_orion_strict,f_vol_oi,y_orion_pess,3,0.04759583014093,880.0,0.0448240165631469,-0.0063198669721607,0.102220621450161,309.0,True,2026-05-13,0.0268333333333333,0.03175
319,24,2,212,107,0.0022581470665518,-0.0078932764566961,0.010151423523248,0.0027263200214218,0.0262057255741269,0.1581301484355334,0.0723049886233985,0.2837579824036686,0.001,P1_orion_strict,f_ask_share,y_und_return_1d,3,,,,,,,,,0.0268333333333333,0.03175
768,62,3,256,256,0.0412902120183708,-0.076721466934007,0.1180116789523779,0.0390360655291823,0.2021390346601859,0.2534560425058379,0.1386329968748771,0.3584987410228563,0.003,P1_orion_strict,f_abs_delta,y_ret,3,0.1055200570206244,449.0,0.1382121529999847,0.0525423509042593,0.2361025695195772,319.0,True,2026-05-13,0.0689999999999999,0.0762
633,54,3,210,225,0.0095238095238095,0.0444444444444444,-0.0349206349206349,-0.0758669829361577,-0.0066178819814296,-0.0621798070475641,-0.1321866176668093,0.0018002679299512,0.006,P1_orion_strict,f_osiv_lag,y_orion_opt,3,-0.0186034658511722,325.0,0.0153846153846153,0.0,0.0255176102699144,308.0,False,2026-05-13,0.1073333333333333,
633,54,3,210,225,0.0095238095238095,0.0444444444444444,-0.0349206349206349,-0.0758669829361577,-0.0066178819814296,-0.0621798070475641,-0.1321866176668093,0.0018002679299512,0.006,P1_orion_strict,f_osiv_lag,y_orion_pess,3,-0.0186034658511722,325.0,0.0153846153846153,0.0,0.0255176102699144,308.0,False,2026-05-13,0.1073333333333333,0.127
1189,67,3,395,397,0.2253164556962025,0.1410579345088161,0.0842585211873864,0.0200667714863642,0.1416405032839403,0.0961723868624449,0.0343626807871457,0.1515105247281878,0.012,P1_orion_strict,f_vol_oi,y_tp,3,0.0675396438438857,880.0,0.1180124223602484,-0.0375201812352047,0.2444947376265879,309.0,True,2026-05-13,0.1931999999999999,0.21771428571428572
697,55,3,229,245,0.0202654755276903,-0.0340007642068326,0.054266239734523,0.0013143687759881,0.1086070382190615,0.0820521833319042,-0.0024659492693778,0.1699599105866957,0.045,P1_orion_strict,f_rsi14_lag,y_ret,3,0.0847245972648858,378.0,0.020766774180737,-0.0734320292801812,0.1354257135251138,319.0,True,2026-05-13,0.5008888888888889,0.5926666666666667
640,54,3,198,226,0.0606060606060606,0.0132743362831858,0.0473317243228747,0.0006050544881545,0.0906117900917949,0.0998062400391567,0.0177414042310484,0.1660030256174162,0.047,P1_orion_strict,f_tox_lag,y_orion_opt,3,0.0458715596330275,321.0,0.0571428571428571,0.016260162601626,0.1111318407960198,319.0,True,2026-05-13,0.5008888888888889,
640,54,3,198,226,0.0606060606060606,0.0132743362831858,0.0473317243228747,0.0006050544881545,0.0906117900917949,0.0998062400391567,0.0177414042310484,0.1660030256174162,0.047,P1_orion_strict,f_tox_lag,y_orion_pess,3,0.0458715596330275,321.0,0.0571428571428571,0.016260162601626,0.1111318407960198,319.0,True,2026-05-13,0.5008888888888889,0.5926666666666667
1205,67,3,395,404,0.0329113924050632,0.0123762376237623,0.0205351547813009,0.00025596908948,0.0466361860777518,0.061391571514661,0.0101729566179357,0.1084068504335792,0.048,P1_orion_strict,f_trade_count,y_orion_opt,3,0.0196992767415302,886.0,0.0278112449799196,-0.0107786777596523,0.0714500860585197,319.0,True,2026-05-13,0.5008888888888889,
1205,67,3,395,404,0.0329113924050632,0.0123762376237623,0.0205351547813009,0.00025596908948,0.0466361860777518,0.061391571514661,0.0101729566179357,0.1084068504335792,0.048,P1_orion_strict,f_trade_count,y_orion_pess,3,0.0196992767415302,886.0,0.0278112449799196,-0.0107786777596523,0.0714500860585197,319.0,True,2026-05-13,0.5008888888888889,0.5926666666666667
559,54,3,186,187,0.0161290322580645,0.0588235294117647,-0.0426944971537001,-0.0994251534524636,0.0005709475709475,-0.0770530133841169,-0.1762948716416658,0.0291643425907129,0.053,P1_orion_strict,f_vrp,y_orion_opt,3,-0.0138157894736842,240.0,-0.0273761326392905,-0.111933284482783,0.0318025216832637,319.0,True,2026-05-13,0.5008888888888889,
559,54,3,186,187,0.0161290322580645,0.0588235294117647,-0.0426944971537001,-0.0994251534524636,0.0005709475709475,-0.0770530133841169,-0.1762948716416658,0.0291643425907129,0.053,P1_orion_strict,f_vrp,y_orion_pess,3,-0.0138157894736842,240.0,-0.0273761326392905,-0.111933284482783,0.0318025216832637,319.0,True,2026-05-13,0.5008888888888889,0.5926666666666667
1205,67,2,803,402,0.1581569115815691,0.2114427860696517,-0.0532858744880826,-0.1174788890308247,0.0012345697360467,-0.0543877473533324,-0.1319633837380535,0.0128572905963094,0.056,P1_orion_strict,f_ask_share,y_tp,3,-0.0477214717944305,886.0,-0.0671600222805761,-0.2101455229858266,0.0350277724774567,319.0,True,2026-05-13,0.5008888888888889,0.5926666666666667
1189,67,3,395,397,0.0002627755950927,-0.0539983709068243,0.054261146501917,-0.003578360164656,0.1014226865940175,0.0540466313495699,-0.0365639787052432,0.1248609975667463,0.062,P1_orion_strict,f_vol_oi,y_ret,3,0.0460020223937317,880.0,0.0683710837831559,-0.048611258554884,0.1747865797206111,309.0,True,2026-05-13,0.5253684210526316,0.6056923076923076
705,57,3,232,235,0.0274688874996875,-0.0500150344804611,0.0774839219801486,-0.0076675241846266,0.1691876794680686,0.0572431366933595,-0.0494857723874121,0.1686856020309969,0.076,P1_orion_strict,f_mom_align_5d,y_ret,3,0.0960960712480369,386.0,0.0587171492269938,-0.0307206621087066,0.1644286892911757,319.0,True,2026-05-13,0.5485925925925925,0.6491111111111111
697,55,3,231,234,0.0432900432900432,0.0128205128205128,0.0304695304695304,-0.0033546219529554,0.0688640359775478,0.056550696584781,-0.0416997507996402,0.1481364871480812,0.08,P1_orion_strict,f_sweepshare_lag,y_orion_opt,3,0.0676691729323308,378.0,-0.0254237288135593,-0.048001923076923,0.0,319.0,False,2026-05-13,0.5485925925925925,
697,55,3,231,234,0.0432900432900432,0.0128205128205128,0.0304695304695304,-0.0033546219529554,0.0688640359775478,0.056550696584781,-0.0416997507996402,0.1481364871480812,0.08,P1_orion_strict,f_sweepshare_lag,y_orion_pess,3,0.0676691729323308,378.0,-0.0254237288135593,-0.048001923076923,0.0,319.0,False,2026-05-13,0.5485925925925925,0.6491111111111111
697,55,3,225,233,-0.0413467017672556,0.0035429702090176,-0.0448896719762733,-0.1004931143713573,0.004824110037152,-0.0331350425810697,-0.1185289908254818,0.0446999384853375,0.09,P1_orion_strict,f_netbull_lag,y_ret,3,-0.0926029328411636,378.0,0.0072489365681183,-0.0838252326328551,0.0738034199788458,319.0,False,2026-05-13,0.5485925925925925,0.6491111111111111
633,54,3,205,296,0.0146341463414634,0.0371621621621621,-0.0225280158206987,-0.0567054152630714,0.0031602595044091,-0.0412831066367476,-0.1034528443948494,0.0240215500361253,0.091,P1_orion_strict,f_osivrank_lag,y_orion_opt,3,0.0255102040816326,325.0,-0.0004723346828609,-0.027754057590728,0.03039612792388,308.0,False,2026-05-13,0.5485925925925925,
633,54,3,205,296,0.0146341463414634,0.0371621621621621,-0.0225280158206987,-0.0567054152630714,0.0031602595044091,-0.0412831066367476,-0.1034528443948494,0.0240215500361253,0.091,P1_orion_strict,f_osivrank_lag,y_orion_pess,3,0.0255102040816326,325.0,-0.0004723346828609,-0.027754057590728,0.03039612792388,308.0,False,2026-05-13,0.5485925925925925,0.6491111111111111
705,57,3,235,236,0.0170212765957446,0.0423728813559322,-0.0253516047601875,-0.0669079819606891,0.0030429770359495,-0.0102515016994257,-0.0862702631212644,0.0547979839812743,0.092,P1_orion_strict,f_rv20,y_orion_opt,3,-0.0043358297201419,386.0,0.0360824742268041,0.0111935087134161,0.0740826873385012,319.0,False,2026-05-13,0.5485925925925925,
705,57,3,235,236,0.0170212765957446,0.0423728813559322,-0.0253516047601875,-0.0669079819606891,0.0030429770359495,-0.0102515016994257,-0.0862702631212644,0.0547979839812743,0.092,P1_orion_strict,f_rv20,y_orion_pess,3,-0.0043358297201419,386.0,0.0360824742268041,0.0111935087134161,0.0740826873385012,319.0,False,2026-05-13,0.5485925925925925,0.6491111111111111
319,24,3,105,109,0.0026844061814387,-0.0043226130267493,0.007007019208188,-0.0007914610264217,0.0253902001638275,0.0151051770408699,-0.085816133177978,0.1609473456970716,0.113,P1_orion_strict,f_minutes_open,y_und_return_1d,3,,,,,,,,,0.6273448275862069,0.71755
697,55,3,216,309,0.0190802563626649,-0.0186659765635943,0.0377462329262592,-0.0071822440539746,0.0839383646997866,0.0013778647011776,-0.0724890930402678,0.0847764811832997,0.113,P1_orion_strict,f_mom5d_lag,y_ret,3,0.0629387522282261,378.0,-0.0016842079725437,-0.0811474583228535,0.0693352036137885,319.0,False,2026-05-13,0.6273448275862069,0.71755
286,24,3,95,96,-0.0071543364920731,-0.0002381404105145,-0.0069161960815586,-0.0263467201673206,0.0015839050616141,-0.0574680208926454,-0.2071712695661119,0.0344600137277799,0.121,P1_orion_strict,f_prior_flow,y_und_return_1d,3,,,,,,,,,0.6493666666666666,0.7317619047619047
697,55,3,225,233,0.0177777777777777,0.0472103004291845,-0.0294325226514067,-0.0691833985069125,0.0125973908551179,-0.0870676865711472,-0.1675330747961797,0.0005106815127131,0.135,P1_orion_strict,f_netbull_lag,y_orion_opt,3,-0.0654037770826092,378.0,-0.0108444187391555,-0.0617476851851851,0.0380036990256225,319.0,True,2026-05-13,0.6792187500000001,
697,55,3,225,233,0.0177777777777777,0.0472103004291845,-0.0294325226514067,-0.0691833985069125,0.0125973908551179,-0.0870676865711472,-0.1675330747961797,0.0005106815127131,0.135,P1_orion_strict,f_netbull_lag,y_orion_pess,3,-0.0654037770826092,378.0,-0.0108444187391555,-0.0617476851851851,0.0380036990256225,319.0,True,2026-05-13,0.6792187500000001,0.7793181818181818
1205,67,2,803,402,-0.0380697731973159,-0.0102981101205474,-0.0277716630767684,-0.0745097015186038,0.0133438118636815,-0.0313629607492742,-0.1011218124625598,0.0332086865610306,0.176,P1_orion_strict,f_ask_share,y_ret,3,-0.0211439147004611,886.0,-0.0441196748137663,-0.1543245725711702,0.0342337648625731,319.0,True,2026-05-13,0.8128536585365853,0.8824871794871795
705,57,3,232,235,0.0474137931034482,0.0212765957446808,0.0261371973587674,-0.0123033111113897,0.0632634062783865,0.0638793878484323,-0.0143017172575268,0.1178097675470599,0.184,P1_orion_strict,f_mom_align_5d,y_orion_opt,3,0.0155038759689922,386.0,0.0357142857142857,0.0106327570921985,0.0625,319.0,True,2026-05-13,0.8128536585365853,
705,57,3,232,235,0.0474137931034482,0.0212765957446808,0.0261371973587674,-0.0123033111113897,0.0632634062783865,0.0638793878484323,-0.0143017172575268,0.1178097675470599,0.184,P1_orion_strict,f_mom_align_5d,y_orion_pess,3,0.0155038759689922,386.0,0.0357142857142857,0.0106327570921985,0.0625,319.0,True,2026-05-13,0.8128536585365853,0.8824871794871795
1205,67,3,402,403,0.1442786069651741,0.1836228287841191,-0.0393442218189449,-0.1044465397743528,0.0180952881163582,-0.0568851925509144,-0.1247861390536798,0.010399126582248,0.186,P1_orion_strict,f_log_prem,y_tp,3,-0.0073064590013742,886.0,-0.1061698717948718,-0.1829998229696809,-0.0231830916621765,319.0,True,2026-05-13,0.8128536585365853,0.8824871794871795
1205,67,3,402,402,0.181592039800995,0.126865671641791,0.0547263681592039,-0.023009557907932,0.140624192647591,0.0770916839239822,-0.0034180899225144,0.1626322938634747,0.193,P1_orion_strict,f_logmoney,y_tp,3,0.0299473202015574,886.0,0.1142857142857142,0.0143506650870306,0.2627856659905341,319.0,True,2026-05-13,0.8128536585365853,0.8824871794871795
768,62,3,256,256,0.1640625,0.21484375,-0.05078125,-0.1325541315276588,0.0354160513326914,-0.0684796196629636,-0.1594489017341835,0.0228112893716682,0.196,P1_orion_strict,f_iv,y_tp,3,-0.14,449.0,0.0374896437448218,-0.0668110348859307,0.1494522569466449,319.0,False,2026-05-13,0.8128536585365853,0.8824871794871795
319,24,3,106,107,-0.0031493870940726,0.0026239823213182,-0.0057733694153909,-0.0229955572061492,0.0021429151470563,-0.014819830353537,-0.1610460433625475,0.0857470377834137,0.206,P1_orion_strict,f_minutes_close,y_und_return_1d,3,,,,,,,,,0.8128536585365853,0.8824871794871795
1205,67,3,402,403,0.0199004975124378,0.0347394540942928,-0.0148389565818549,-0.0412025090664323,0.0082104928500539,-0.0561627375417396,-0.1137282619455922,-0.0024907653179165,0.207,P1_orion_strict,f_log_prem,y_orion_opt,3,-0.0203962437013284,886.0,-0.0056089743589743,-0.0395147907647907,0.0157315875279595,319.0,True,2026-05-13,0.8128536585365853,
1205,67,3,402,403,0.0199004975124378,0.0347394540942928,-0.0148389565818549,-0.0412025090664323,0.0082104928500539,-0.0561627375417396,-0.1137282619455922,-0.0024907653179165,0.207,P1_orion_strict,f_log_prem,y_orion_pess,3,-0.0203962437013284,886.0,-0.0056089743589743,-0.0395147907647907,0.0157315875279595,319.0,True,2026-05-13,0.8128536585365853,0.8824871794871795
697,55,3,231,234,-0.0009991558866698,-0.0326645387000728,0.031665382813403,-0.021338588607063,0.0869692840417412,0.0706534034030501,0.0011101772855118,0.1459819556913411,0.231,P1_orion_strict,f_sweepshare_lag,y_ret,3,0.0577465036209005,378.0,0.0102122571132433,-0.0624223709533976,0.0767011068363023,319.0,True,2026-05-13,0.8289787234042553,0.8824871794871795
640,54,3,198,226,0.2222222222222222,0.163716814159292,0.0585054080629301,-0.0387220905179262,0.1459286958066535,0.0473257776054311,-0.052017475191087,0.1378932234718526,0.234,P1_orion_strict,f_tox_lag,y_tp,3,0.0018348623853211,321.0,0.0332298136645962,-0.1036314349430234,0.152500424412189,319.0,True,2026-05-13,0.8289787234042553,0.8824871794871795
559,54,3,186,187,0.1666666666666666,0.2299465240641711,-0.0632798573975044,-0.1630803123185732,0.0370380774032459,-0.0643602924415458,-0.1534503754308981,0.0423736891862875,0.236,P1_orion_strict,f_vrp,y_tp,3,-0.0243421052631578,240.0,-0.1278195488721804,-0.3244415172535789,0.141227861359741,319.0,True,2026-05-13,0.8289787234042553,0.8824871794871795
1205,67,3,402,402,0.0323383084577114,0.017412935323383,0.0149253731343283,-0.0101396281025157,0.0449258194015121,0.0207577594592485,-0.0477142649631553,0.0829804694284906,0.241,P1_orion_strict,f_otm,y_orion_opt,3,0.0033096655978011,886.0,0.0458398744113029,-0.0094013146642646,0.1194936680235186,319.0,True,2026-05-13,0.8289787234042553,
1205,67,3,402,402,0.0323383084577114,0.017412935323383,0.0149253731343283,-0.0101396281025157,0.0449258194015121,0.0207577594592485,-0.0477142649631553,0.0829804694284906,0.241,P1_orion_strict,f_otm,y_orion_pess,3,0.0033096655978011,886.0,0.0458398744113029,-0.0094013146642646,0.1194936680235186,319.0,True,2026-05-13,0.8289787234042553,0.8824871794871795
1205,67,3,395,404,0.1924050632911392,0.146039603960396,0.0463654593307432,-0.0307677131841569,0.1209527828665434,0.0721791738344028,-0.0084613910268628,0.1484036080444866,0.242,P1_orion_strict,f_trade_count,y_tp,3,0.0584792539017891,886.0,0.034437751004016,-0.1428820642588758,0.1987309609526446,319.0,True,2026-05-13,0.8289787234042553,0.8824871794871795
268,18,3,89,90,0.003532966936413,-0.0035173546604013,0.0070503215968143,-0.0034609165398787,0.0232144516362392,0.0744273909283196,-0.1552699883243153,0.300326176712465,0.248,P1_orion_strict,f_maxpain_dist,y_und_return_1d,3,,,,,,,,,0.83076,0.8824871794871795
705,57,3,232,235,0.2068965517241379,0.1446808510638297,0.0622157006603081,-0.0377101193866455,0.1477601620488921,0.0796185463989725,-0.0184503958362873,0.1664910871123446,0.253,P1_orion_strict,f_mom_align_5d,y_tp,3,0.0387596899224806,386.0,0.0889905548996458,-0.0365641193943036,0.1928458992761865,319.0,True,2026-05-13,0.83076,0.8824871794871795
577,54,3,190,193,-0.0162838623629722,-0.0535844373364784,0.0373005749735062,-0.0246769803188716,0.1043090292872694,0.0242370293166473,-0.0678468000552853,0.1181369091717063,0.258,P1_orion_strict,f_vol20_lag,y_ret,3,,258.0,0.0220839216467018,-0.060533495319732,0.1543721792927182,319.0,False,2026-05-13,0.83076,0.8824871794871795
697,55,3,231,234,0.2034632034632034,0.1538461538461538,0.0496170496170496,-0.0366052701160527,0.1292719470509428,0.0574502139403527,-0.0380951202259089,0.150175048642039,0.267,P1_orion_strict,f_sweepshare_lag,y_tp,3,0.0831244778613199,378.0,-0.010765002290426,-0.1648055704864783,0.1130009372282884,319.0,False,2026-05-13,0.8390576923076923,0.8824871794871795
1000,55,3,332,336,0.1987951807228915,0.1577380952380952,0.0410570854847963,-0.0282877835892869,0.1090614805004339,0.0424398248682857,-0.0305992588199546,0.1155963967356433,0.271,P1_orion_strict,f_iv_rank,y_tp,3,0.0337680484396832,684.0,0.0350931677018633,-0.0552178113360783,0.1471569395892505,316.0,True,2026-05-13,0.8390576923076923,0.8824871794871795
314,24,3,105,105,0.0024802440983591,-0.0044785739596946,0.0069588180580538,-0.0065866362378509,0.0249679032926394,0.0674676144471469,-0.2043536439795513,0.2528006206200547,0.279,P1_orion_strict,f_vol_oi,y_und_return_1d,3,,,,,,,,,0.8475283018867925,0.885825
319,24,3,102,120,-0.0041650579067488,0.0011875452125298,-0.0053526031192787,-0.0289166892404362,0.0046982718088532,-0.039523053384,-0.1948426077197552,0.128086507121401,0.292,P1_orion_strict,f_dte,y_und_return_1d,3,,,,,,,,,0.8705925925925926,0.9044878048780487
1205,67,3,402,402,-0.0129648302647879,-0.0478891030954803,0.0349242728306923,-0.031804842859196,0.0974048938905263,0.0349625670093188,-0.094478342864307,0.1553551199100906,0.313,P1_orion_strict,f_logmoney,y_ret,3,0.0334625704053622,886.0,0.0225426504115802,-0.0655312857900749,0.1547357793807728,319.0,True,2026-05-13,0.874396551724138,0.9059333333333334
1205,67,3,401,406,0.0374064837905236,0.022167487684729,0.0152389961057946,-0.0132573639667573,0.0503615810411398,0.0808786050593171,-0.0009387619443292,0.1665521021825638,0.313,P1_orion_strict,f_minutes_open,y_orion_opt,3,0.0267642410499553,886.0,-0.0192013593882752,-0.1127243929379647,0.0412625235951793,319.0,False,2026-05-13,0.874396551724138,
1205,67,3,401,406,0.0374064837905236,0.022167487684729,0.0152389961057946,-0.0132573639667573,0.0503615810411398,0.0808786050593171,-0.0009387619443292,0.1665521021825638,0.313,P1_orion_strict,f_minutes_open,y_orion_pess,3,0.0267642410499553,886.0,-0.0192013593882752,-0.1127243929379647,0.0412625235951793,319.0,False,2026-05-13,0.874396551724138,0.9059333333333334
697,55,3,229,245,0.2183406113537118,0.1755102040816326,0.0428304072720791,-0.0427123130131701,0.1295933604174446,0.0192209855236374,-0.063728050694404,0.1018064888020057,0.315,P1_orion_strict,f_rsi14_lag,y_tp,3,-0.0281512605042016,378.0,0.0399195575666163,-0.0538957547614672,0.1818487506645401,319.0,False,2026-05-13,0.874396551724138,0.9059333333333334
286,24,3,95,96,-0.0010526497389906,-0.0056825895827567,0.004629939843766,-0.0075138317771341,0.0207708852211132,0.0505410009372767,-0.0719437379389163,0.163542639904517,0.321,P1_orion_strict,f_prior_flow_align,y_und_return_1d,3,,,,,,,,,0.8759491525423729,0.9059333333333334
1205,67,3,401,407,0.0224438902743142,0.0368550368550368,-0.0144111465807226,-0.0491972337252283,0.0140789661625806,-0.0811485876748445,-0.1670110100812204,0.0013728078552154,0.336,P1_orion_strict,f_minutes_close,y_orion_opt,3,-0.0278385226838835,886.0,0.0185154295246038,-0.0412625235951793,0.1112091816700964,319.0,False,2026-05-13,0.8868196721311477,
1205,67,3,401,407,0.0224438902743142,0.0368550368550368,-0.0144111465807226,-0.0491972337252283,0.0140789661625806,-0.0811485876748445,-0.1670110100812204,0.0013728078552154,0.336,P1_orion_strict,f_minutes_close,y_orion_pess,3,-0.0278385226838835,886.0,0.0185154295246038,-0.0412625235951793,0.1112091816700964,319.0,False,2026-05-13,0.8868196721311477,0.9276521739130436
904,53,3,301,302,0.0199335548172757,0.0331125827814569,-0.0131790279641812,-0.0509457147548451,0.0159634623685554,-0.0501830592043326,-0.1306772663935131,0.0292981934656073,0.375,P1_orion_strict,f_maxpain_dist,y_orion_opt,3,-0.0307953950811093,588.0,0.0342205323193916,0.013391369047619,0.0734845049130763,316.0,False,2026-05-13,0.9478591549295776,
904,53,3,301,302,0.0199335548172757,0.0331125827814569,-0.0131790279641812,-0.0509457147548451,0.0159634623685554,-0.0501830592043326,-0.1306772663935131,0.0292981934656073,0.375,P1_orion_strict,f_maxpain_dist,y_orion_pess,3,-0.0307953950811093,588.0,0.0342205323193916,0.013391369047619,0.0734845049130763,316.0,False,2026-05-13,0.9478591549295776,0.9929090909090909
633,54,3,205,296,-0.0023487665936649,-0.023015632439211,0.020666865845546,-0.0278066341733574,0.0754036348380989,0.0314892391298162,-0.0496321746760901,0.1224798803029859,0.393,P1_orion_strict,f_osivrank_lag,y_ret,3,-0.0665725731823832,325.0,0.0492728142483754,-0.0063922990928007,0.126027646389006,308.0,False,2026-05-13,0.9478591549295776,0.9929090909090909
768,62,3,256,256,0.03515625,0.01953125,0.015625,-0.0176706273200718,0.0530154383208087,0.0130367331481585,-0.0618596763458556,0.0802045121766359,0.415,P1_orion_strict,f_iv,y_orion_opt,3,0.0,449.0,0.0156379453189726,-0.0374289902877038,0.0737632341072021,319.0,False,2026-05-13,0.9478591549295776,
768,62,3,256,256,0.03515625,0.01953125,0.015625,-0.0176706273200718,0.0530154383208087,0.0130367331481585,-0.0618596763458556,0.0802045121766359,0.415,P1_orion_strict,f_iv,y_orion_pess,3,0.0,449.0,0.0156379453189726,-0.0374289902877038,0.0737632341072021,319.0,False,2026-05-13,0.9478591549295776,0.9929090909090909
640,54,3,198,226,-0.0046590123061471,-0.0343848460418321,0.0297258337356849,-0.0416011185262635,0.094210733167549,0.0061839020707803,-0.0891185721704484,0.0998359013641549,0.415,P1_orion_strict,f_tox_lag,y_ret,3,0.0339050594570992,321.0,0.0336149289952943,-0.0463907939419977,0.1069397546107335,319.0,True,2026-05-13,0.9478591549295776,0.9929090909090909
1000,55,3,332,336,0.0421686746987951,0.0267857142857142,0.0153829604130808,-0.0220700337497717,0.0531095439316534,0.0405430278767521,-0.0430140188049089,0.1245136018889941,0.417,P1_orion_strict,f_iv_rank,y_orion_opt,3,0.0173109765564353,684.0,0.0040372670807453,-0.0322129461355949,0.0585843905129619,316.0,True,2026-05-13,0.9478591549295776,
1000,55,3,332,336,0.0421686746987951,0.0267857142857142,0.0153829604130808,-0.0220700337497717,0.0531095439316534,0.0405430278767521,-0.0430140188049089,0.1245136018889941,0.417,P1_orion_strict,f_iv_rank,y_orion_pess,3,0.0173109765564353,684.0,0.0040372670807453,-0.0322129461355949,0.0585843905129619,316.0,True,2026-05-13,0.9478591549295776,0.9929090909090909
559,54,3,186,187,-0.0227294442860118,0.001171102849791,-0.0239005471358028,-0.0759732719846238,0.0391020831434065,-0.021882029100074,-0.0996517059131395,0.0817634832961404,0.417,P1_orion_strict,f_vrp,y_ret,3,0.0268271452638986,240.0,-0.0308146073626687,-0.1445200901931628,0.164376430143582,319.0,False,2026-05-13,0.9478591549295776,0.9929090909090909
1205,67,3,402,402,-0.0313229518855074,-0.0140484029315587,-0.0172745489539486,-0.0555950688801718,0.0270749479260081,-0.0764533098896639,-0.1526161803118945,0.0070421860632466,0.418,P1_orion_strict,f_otm,y_ret,3,-0.0126787807752997,886.0,-0.02686927144025,-0.1004639793621686,0.0730599781222956,319.0,True,2026-05-13,0.9478591549295776,0.9929090909090909
319,24,3,106,107,0.0006260045332799,-0.00135719403306,0.0019831985663399,-0.0029950296460582,0.0102401893513266,0.0525737140818144,-0.0863546995188426,0.2314601525542113,0.427,P1_orion_strict,f_otm,y_und_return_1d,3,,,,,,,,,0.9483561643835616,0.9929090909090909
577,54,3,182,194,0.0030100563439547,-0.0271683031992507,0.0301783595432055,-0.0505760697388742,0.0962948640040769,0.0907916850409025,-0.0396386535679184,0.2088198423794814,0.43,P1_orion_strict,f_mom20d_lag,y_ret,3,0.0202475466214869,258.0,0.0327506185322447,-0.0658484022516924,0.1025161977256286,319.0,True,2026-05-13,0.9483561643835616,0.9929090909090909
697,55,2,12,685,0.0600385923186552,-0.0129115324248847,0.0729501247435399,-0.1076301328813691,0.2903876085762199,-0.000104467630627,-0.0671251118913741,0.0833413658265008,0.4411463664278403,P1_orion_strict,f_gamma_lag,y_ret,3,,,,,,,,,0.958029702970297,1.0
697,55,3,225,233,0.16,0.1845493562231759,-0.0245493562231759,-0.094236814746119,0.0409415017816839,-0.032223653778115,-0.1148872976497831,0.0476668536464579,0.451,P1_orion_strict,f_netbull_lag,y_tp,3,-0.0841733286988761,378.0,0.0695488721804511,-0.0412257322410503,0.2035822510822509,319.0,False,2026-05-13,0.958029702970297,1.0
705,57,3,232,235,0.2068965517241379,0.1659574468085106,0.0409391049156273,-0.0685880081185737,0.1561541042292843,0.0318947819662744,-0.0876807610332184,0.1518481239701505,0.478,P1_orion_strict,f_und_1d,y_tp,3,0.0584649979288715,386.0,-0.0054848064556802,-0.1040446821131969,0.1283203302529919,319.0,False,2026-05-13,0.958029702970297,1.0
768,62,3,256,256,0.02734375,0.04296875,-0.015625,-0.0583311402927632,0.0247340844369001,-0.0127306208303357,-0.0998979561173257,0.0829055859813638,0.479,P1_orion_strict,f_abs_delta,y_orion_opt,3,0.0,449.0,-0.0354037267080745,-0.1016766497070613,0.0209497167877417,319.0,False,2026-05-13,0.958029702970297,
768,62,3,256,256,0.02734375,0.04296875,-0.015625,-0.0583311402927632,0.0247340844369001,-0.0127306208303357,-0.0998979561173257,0.0829055859813638,0.479,P1_orion_strict,f_abs_delta,y_orion_pess,3,0.0,449.0,-0.0354037267080745,-0.1016766497070613,0.0209497167877417,319.0,False,2026-05-13,0.958029702970297,1.0
768,62,3,256,256,0.21875,0.1796875,0.0390625,-0.0697074949023813,0.1500428544670552,0.0559985173269385,-0.0522660554626543,0.1630449879375833,0.481,P1_orion_strict,f_abs_delta,y_tp,3,0.0533333333333333,449.0,0.0436853002070393,-0.0665403437683184,0.1317775041050902,319.0,True,2026-05-13,0.958029702970297,1.0
1205,67,3,402,402,0.0298507462686567,0.0199004975124378,0.0099502487562189,-0.0182057192811368,0.0381378610227495,0.0392626805492103,-0.0369075937900983,0.1065093986163558,0.49,P1_orion_strict,f_logmoney,y_orion_opt,3,-8.016491067338455e-05,886.0,0.0376190476190476,-0.0156586973831258,0.1057757005539263,319.0,False,2026-05-13,0.958029702970297,
1205,67,3,402,402,0.0298507462686567,0.0199004975124378,0.0099502487562189,-0.0182057192811368,0.0381378610227495,0.0392626805492103,-0.0369075937900983,0.1065093986163558,0.49,P1_orion_strict,f_logmoney,y_orion_pess,3,-8.016491067338455e-05,886.0,0.0376190476190476,-0.0156586973831258,0.1057757005539263,319.0,False,2026-05-13,0.958029702970297,1.0
350,43,3,117,118,-0.0192991831801978,-0.0479242967977079,0.0286251136175101,-0.0487252634218836,0.1377022182255519,0.0277194845697316,-0.1010209399410683,0.1660568446806802,0.497,P1_orion_strict,f_oibuild_lag,y_ret,3,,,,,,,,,0.958029702970297,1.0
1205,67,3,331,445,-0.0228884020326236,-0.0400566638584599,0.0171682618258362,-0.0350942877916602,0.0699991219658225,0.1424032936133612,0.0425342700205406,0.2295587628072216,0.513,P1_orion_strict,f_dte,y_ret,3,0.064825169803477,886.0,-0.1067937711749595,-0.2509631782407203,0.0126596146863849,319.0,False,2026-05-13,0.958029702970297,1.0
350,43,3,115,118,0.1565217391304348,0.2033898305084746,-0.0468680913780397,-0.1574952929045231,0.0922115386880779,-0.0603261913391071,-0.1846952419273227,0.0820238527103683,0.518,P1_orion_strict,f_oimom_lag,y_tp,3,,,,,,,,,0.958029702970297,1.0
268,18,3,86,92,0.003000274032409,-0.0014509923504265,0.0044512663828356,-0.0068215498379303,0.0147810236551207,-0.0050628566712872,-0.2232185283275377,0.1723629375959788,0.533,P1_orion_strict,f_iv_rank,y_und_return_1d,3,,,,,,,,,0.958029702970297,1.0
577,54,3,182,194,0.0384615384615384,0.0257731958762886,0.0126883425852498,-0.0308337872650144,0.0510931201134561,0.0269688541303789,-0.0649235472332362,0.1072956542109154,0.541,P1_orion_strict,f_mom20d_lag,y_orion_opt,3,0.0148566645741787,258.0,0.0117505995203836,-0.036061061061061,0.0639696350656807,319.0,True,2026-05-13,0.958029702970297,
577,54,3,182,194,0.0384615384615384,0.0257731958762886,0.0126883425852498,-0.0308337872650144,0.0510931201134561,0.0269688541303789,-0.0649235472332362,0.1072956542109154,0.541,P1_orion_strict,f_mom20d_lag,y_orion_pess,3,0.0148566645741787,258.0,0.0117505995203836,-0.036061061061061,0.0639696350656807,319.0,True,2026-05-13,0.958029702970297,1.0
640,54,2,175,465,-0.0001980372796178,-0.0149079398158731,0.0147099025362552,-0.0299740018490235,0.0799927673542428,0.0161006130924355,-0.0778098481362581,0.1199077879227107,0.546,P1_orion_strict,f_mktgex_lag,y_ret,3,,,,,,,,,0.958029702970297,1.0
640,54,2,175,465,0.0285714285714285,0.0387096774193548,-0.0101382488479262,-0.0462359951918715,0.0463909414348927,-0.0416748870980151,-0.1340460202052009,0.0617711475299381,0.557,P1_orion_strict,f_mktgex_lag,y_orion_opt,3,,,,,,,,,0.958029702970297,
640,54,2,175,465,0.0285714285714285,0.0387096774193548,-0.0101382488479262,-0.0462359951918715,0.0463909414348927,-0.0416748870980151,-0.1340460202052009,0.0617711475299381,0.557,P1_orion_strict,f_mktgex_lag,y_orion_pess,3,,,,,,,,,0.958029702970297,1.0
1012,65,3,337,338,-0.0416945745800621,-0.0233317974995346,-0.0183627770805275,-0.1028475024323504,0.0401302092850944,-0.0005765474387633,-0.1300927321508737,0.0946143157096079,0.558,P1_orion_strict,f_prior_flow_align,y_ret,3,-0.0121248571821208,801.0,-0.1179378461759681,-0.3424617635100202,0.0096906425617653,211.0,True,2026-05-13,0.958029702970297,1.0
697,55,2,12,685,0.25,0.1795620437956204,0.0704379562043795,-0.1579320768136557,0.3542475470301757,-0.0088955163529429,-0.06343034468986,0.0613852116135068,0.563971340839304,P1_orion_strict,f_gamma_lag,y_tp,3,,,,,,,,,0.958029702970297,1.0
577,54,3,172,194,0.0174418604651162,0.0309278350515463,-0.0134859745864301,-0.0607645276404861,0.0222563906731686,-0.0511469186261728,-0.1357988909313851,0.042228925072003,0.565,P1_orion_strict,f_hujacobs_lag,y_orion_opt,3,-0.0475746268656716,258.0,-0.0131313131313131,-0.0693147637548565,0.0313944277861069,319.0,True,2026-05-13,0.958029702970297,
577,54,3,172,194,0.0174418604651162,0.0309278350515463,-0.0134859745864301,-0.0607645276404861,0.0222563906731686,-0.0511469186261728,-0.1357988909313851,0.042228925072003,0.565,P1_orion_strict,f_hujacobs_lag,y_orion_pess,3,-0.0475746268656716,258.0,-0.0131313131313131,-0.0693147637548565,0.0313944277861069,319.0,True,2026-05-13,0.958029702970297,1.0
1012,65,3,337,338,0.1691394658753709,0.1893491124260355,-0.0202096465506645,-0.0981700201574818,0.0415421350574768,-0.0237429893877148,-0.1078459050876269,0.0463019341854457,0.568,P1_orion_strict,f_prior_flow_align,y_tp,3,-0.0224719101123595,801.0,-0.0881374722838137,-0.2408727616982938,0.0631032608695652,211.0,True,2026-05-13,0.958029702970297,1.0
633,54,3,210,225,0.1428571428571428,0.1644444444444444,-0.0215873015873016,-0.1162293445335014,0.0636960417034398,-0.0302728945062955,-0.1238325316164045,0.0690450375275164,0.577,P1_orion_strict,f_osiv_lag,y_tp,3,-0.0011892626571525,325.0,-0.0501831501831501,-0.1571716222374117,0.0776859827935777,308.0,True,2026-05-13,0.958029702970297,1.0
640,54,2,175,465,0.1714285714285714,0.1956989247311828,-0.0242703533026113,-0.1047378402989,0.1033927283564988,-0.0189470684140472,-0.1264658961442465,0.096993451057112,0.595,P1_orion_strict,f_mktgex_lag,y_tp,3,,,,,,,,,0.958029702970297,1.0
705,57,3,232,235,0.0474137931034482,0.0340425531914893,0.0133712399119589,-0.0298710590094026,0.0690754082634595,0.0175255451846799,-0.077123178977679,0.1111270203226059,0.598,P1_orion_strict,f_und_1d,y_orion_opt,3,0.0221906621693591,386.0,0.003152187618207,-0.0384570979851375,0.0707982022158734,319.0,True,2026-05-13,0.958029702970297,
705,57,3,232,235,0.0474137931034482,0.0340425531914893,0.0133712399119589,-0.0298710590094026,0.0690754082634595,0.0175255451846799,-0.077123178977679,0.1111270203226059,0.598,P1_orion_strict,f_und_1d,y_orion_pess,3,0.0221906621693591,386.0,0.003152187618207,-0.0384570979851375,0.0707982022158734,319.0,True,2026-05-13,0.958029702970297,1.0
705,57,3,234,236,0.0299145299145299,0.0423728813559322,-0.0124583514414022,-0.0605777999075044,0.0301711818788807,-0.0266446768193756,-0.1051432689290393,0.0479573132498914,0.601,P1_orion_strict,f_hujacobs,y_orion_opt,3,-0.0077519379844961,386.0,-0.0151438383155998,-0.0726923939310894,0.0290686705436019,319.0,True,2026-05-13,0.958029702970297,
705,57,3,234,236,0.0299145299145299,0.0423728813559322,-0.0124583514414022,-0.0605777999075044,0.0301711818788807,-0.0266446768193756,-0.1051432689290393,0.0479573132498914,0.601,P1_orion_strict,f_hujacobs,y_orion_pess,3,-0.0077519379844961,386.0,-0.0151438383155998,-0.0726923939310894,0.0290686705436019,319.0,True,2026-05-13,0.958029702970297,1.0
319,24,3,106,107,-0.0003907169109829,-0.0029715571930564,0.0025808402820735,-0.0088791171243748,0.0186161396106124,0.0199040943432609,-0.1715734677160064,0.1981257571057025,0.629,P1_orion_strict,f_log_prem,y_und_return_1d,3,,,,,,,,,0.9690666666666666,1.0
1205,67,2,803,402,0.0236612702366127,0.0298507462686567,-0.006189476032044,-0.034489215730126,0.0173252755342758,-0.0238526100974045,-0.1036543983570524,0.0454593166612993,0.63,P1_orion_strict,f_ask_share,y_orion_opt,3,-0.0034299807852246,886.0,-0.0126123975491366,-0.0791103194885002,0.0242577168054874,319.0,True,2026-05-13,0.9690666666666666,
1205,67,2,803,402,0.0236612702366127,0.0298507462686567,-0.006189476032044,-0.034489215730126,0.0173252755342758,-0.0238526100974045,-0.1036543983570524,0.0454593166612993,0.63,P1_orion_strict,f_ask_share,y_orion_pess,3,-0.0034299807852246,886.0,-0.0126123975491366,-0.0791103194885002,0.0242577168054874,319.0,True,2026-05-13,0.9690666666666666,1.0
577,54,3,182,194,0.1923076923076923,0.2164948453608247,-0.0241871530531324,-0.1201345521953732,0.0574008527967847,0.0071665716896121,-0.0864178956011857,0.0963490351126574,0.632,P1_orion_strict,f_mom20d_lag,y_tp,3,-0.1067168863779033,258.0,0.0145883293365307,-0.080903967129965,0.0944219977553311,319.0,False,2026-05-13,0.9690666666666666,1.0
1205,67,3,395,404,-0.0407086753825386,-0.0314785017628159,-0.0092301736197227,-0.0549113703323442,0.0349260282744618,-0.0415624325038713,-0.0996001478633299,0.013016306740768,0.674,P1_orion_strict,f_trade_count,y_ret,3,-0.0079646256635532,886.0,0.0071322457161877,-0.0872383934281487,0.1285069973895055,319.0,False,2026-05-13,0.9884,1.0
904,53,3,301,302,-0.0143558237158681,-0.0254404032349088,0.0110845795190407,-0.0451862877227563,0.0592737923447609,0.0095709303222603,-0.0740709072378921,0.0892932524256288,0.674,P1_orion_strict,f_maxpain_dist,y_ret,3,-0.0273739009300834,588.0,0.0217804999399761,-0.1030034557082854,0.1834051859087067,316.0,False,2026-05-13,0.9884,1.0
633,54,3,210,225,-0.0375889294219765,-0.0252398129399989,-0.0123491164819775,-0.0769799312811018,0.0496169655624874,-0.0323298552443943,-0.1187366909797441,0.061412180209017,0.681,P1_orion_strict,f_osiv_lag,y_ret,3,0.0261157471031125,325.0,0.0038597496706525,-0.0749177687497602,0.1031942401583341,308.0,True,2026-05-13,0.9884,1.0
286,24,3,93,103,-0.0029391476795811,-0.004690320171486,0.0017511724919048,-0.0087266856250705,0.0172435410047896,-0.0248685761536984,-0.195299169965549,0.1320776821363229,0.6905241935483871,P1_orion_strict,f_prior_cnt,y_und_return_1d,3,,,,,,,,,0.9884,1.0
697,55,2,12,685,0.0833333333333333,0.0335766423357664,0.0497566909975669,-0.0478162281528559,0.2620079610791684,-0.0751552686158245,-0.2615584019399433,0.1233936680051886,0.7021494370522006,P1_orion_strict,f_gamma_lag,y_orion_opt,3,,,,,,,,,0.9884,
697,55,2,12,685,0.0833333333333333,0.0335766423357664,0.0497566909975669,-0.0478162281528559,0.2620079610791684,-0.0751552686158245,-0.2615584019399433,0.1233936680051886,0.7021494370522006,P1_orion_strict,f_gamma_lag,y_orion_pess,3,,,,,,,,,0.9884,1.0
705,57,3,234,236,0.0009026513909717,-0.0201995879658254,0.0211022393567971,-0.0905363817566758,0.1178522937967752,0.0760544320722468,-0.0797409944156906,0.2208297476519656,0.704,P1_orion_strict,f_hujacobs,y_ret,3,0.0600935048707169,386.0,-0.0131484909252896,-0.1692818006920312,0.0981772852795859,319.0,False,2026-05-13,0.9884,1.0
705,57,3,233,236,0.0343347639484978,0.0254237288135593,0.0089110351349385,-0.0265001646816024,0.04663161706396,0.0186562255191754,-0.059552961420588,0.087263193702599,0.705,P1_orion_strict,f_und_5d,y_orion_opt,3,0.0077519379844961,386.0,0.0306500115660421,-0.0073272444066836,0.1176820728291316,319.0,True,2026-05-13,0.9884,
705,57,3,233,236,0.0343347639484978,0.0254237288135593,0.0089110351349385,-0.0265001646816024,0.04663161706396,0.0186562255191754,-0.059552961420588,0.087263193702599,0.705,P1_orion_strict,f_und_5d,y_orion_pess,3,0.0077519379844961,386.0,0.0306500115660421,-0.0073272444066836,0.1176820728291316,319.0,True,2026-05-13,0.9884,1.0
1012,65,3,337,344,0.0207715133531157,0.0261627906976744,-0.0053912773445586,-0.029499747396208,0.0214330190638691,-0.0213179818857347,-0.0813036939672505,0.0452132845153411,0.706,P1_orion_strict,f_prior_cnt,y_orion_pess,3,-0.006183368869936,801.0,0.0269607843137254,-0.0345952023988006,0.0999612042209807,211.0,False,2026-05-13,0.9884,1.0
768,62,3,256,256,-0.0286818691190146,-0.0156480569002192,-0.0130338122187953,-0.0763865837163568,0.0520898957717285,-0.0192243079669048,-0.1272889117241734,0.1065088881297965,0.726,P1_orion_strict,f_iv,y_ret,3,-0.0580446670030878,449.0,0.0137659958013002,-0.0560525055138045,0.0973212525104013,319.0,False,2026-05-13,1.0,1.0
219,23,3,73,73,-0.0004498207966956,0.0004383586910963,-0.0008881794877919,-0.008958492163782,0.0058244218141702,-0.0122675289626216,-0.1180196093057632,0.1396242170446554,0.739,P1_orion_strict,f_abs_delta,y_und_return_1d,3,,,,,,,,,1.0,1.0
1205,67,3,401,407,0.1845386533665835,0.171990171990172,0.0125484813764115,-0.0628235605819118,0.0976322207163256,0.0004668358479706,-0.0776303339030803,0.0852164239816779,0.741,P1_orion_strict,f_minutes_close,y_tp,3,-0.0105522579749383,886.0,0.0654712260216847,-0.1024148324589439,0.2403148821095347,319.0,False,2026-05-13,1.0,1.0
577,54,3,190,193,0.1894736842105263,0.1709844559585492,0.0184892282519771,-0.0814379763599344,0.1239536540465042,0.0205370412597841,-0.0799118793777188,0.1218631813277679,0.752,P1_orion_strict,f_vol20_lag,y_tp,3,,258.0,-0.0003116721209287,-0.1098246785568084,0.1627923467204595,319.0,False,2026-05-13,1.0,1.0
697,55,3,216,309,0.0462962962962962,0.0388349514563106,0.0074613448399856,-0.0405151743951039,0.0454954781982261,-0.0036629191516726,-0.1186600686877591,0.0962151978942551,0.757,P1_orion_strict,f_mom5d_lag,y_orion_opt,3,0.0306997142667286,378.0,-0.0379458299812282,-0.1052738878696581,0.013906302031302,319.0,False,2026-05-13,1.0,
697,55,3,216,309,0.0462962962962962,0.0388349514563106,0.0074613448399856,-0.0405151743951039,0.0454954781982261,-0.0036629191516726,-0.1186600686877591,0.0962151978942551,0.757,P1_orion_strict,f_mom5d_lag,y_orion_pess,3,0.0306997142667286,378.0,-0.0379458299812282,-0.1052738878696581,0.013906302031302,319.0,False,2026-05-13,1.0,1.0
1205,67,3,401,406,0.1745635910224439,0.1847290640394088,-0.0101654730169649,-0.0936460361797021,0.0658540941056206,-0.0004480025019484,-0.0850050925861676,0.0767163429655166,0.764,P1_orion_strict,f_minutes_open,y_tp,3,0.0083144368858654,886.0,-0.0692438402718776,-0.2490506380869147,0.1011885440307509,319.0,False,2026-05-13,1.0,1.0
577,54,3,172,194,-0.0194800481788111,-0.0336745958123696,0.0141945476335585,-0.0881671305478249,0.1094148028956641,0.0532757580870126,-0.1171805591407017,0.2124797433768825,0.788,P1_orion_strict,f_hujacobs_lag,y_ret,3,-0.01604838713089,258.0,-0.0023470286005833,-0.1534275797824683,0.1082064613635447,319.0,True,2026-05-13,1.0,1.0
705,57,3,233,236,0.1802575107296137,0.1694915254237288,0.0107659853058849,-0.0749104662628963,0.088252559315649,0.0148455382652235,-0.0818545384865398,0.1092350414117013,0.804,P1_orion_strict,f_und_5d,y_tp,3,0.0077519379844961,386.0,0.0089058524173027,-0.0739776436396154,0.147400380995621,319.0,True,2026-05-13,1.0,1.0
697,55,3,229,245,0.0393013100436681,0.0326530612244898,0.0066482488191783,-0.0449524243239429,0.0543708812093835,0.0141228059270374,-0.0765258302217816,0.0993794743379639,0.805,P1_orion_strict,f_rsi14_lag,y_orion_opt,3,0.0478991596638655,378.0,-0.0134741075917546,-0.0695709845240778,0.058394420529457,319.0,False,2026-05-13,1.0,
697,55,3,229,245,0.0393013100436681,0.0326530612244898,0.0066482488191783,-0.0449524243239429,0.0543708812093835,0.0141228059270374,-0.0765258302217816,0.0993794743379639,0.805,P1_orion_strict,f_rsi14_lag,y_orion_pess,3,0.0478991596638655,378.0,-0.0134741075917546,-0.0695709845240778,0.058394420529457,319.0,False,2026-05-13,1.0,1.0
904,53,3,301,302,0.1727574750830564,0.1821192052980132,-0.0093617302149567,-0.1189398121444219,0.0771865674918684,-0.0089857354190097,-0.1244044960482403,0.0957469029528143,0.807,P1_orion_strict,f_maxpain_dist,y_tp,3,-0.0111459968602825,588.0,-0.1192199190482031,-0.3039477530142491,0.0977776380290374,316.0,True,2026-05-13,1.0,1.0
1012,65,3,337,344,-0.0222005219500994,-0.011538781000022,-0.0106617409500774,-0.0671301620259319,0.0544105672611305,-0.0166900937858821,-0.1304633213686958,0.1072483586799884,0.815,P1_orion_strict,f_prior_cnt,y_ret,3,-0.0173299922166687,801.0,0.07165932660201,-0.0392146253248922,0.2101317426949348,211.0,False,2026-05-13,1.0,1.0
1012,65,3,337,338,0.0237388724035608,0.0266272189349112,-0.0028883465313504,-0.0235500488388946,0.0191839851309226,0.0011781551607341,-0.0562779592452191,0.0612820598410659,0.827,P1_orion_strict,f_prior_flow,y_orion_pess,3,0.0,801.0,0.0073696145124716,-0.0625,0.074074074074074,211.0,False,2026-05-13,1.0,1.0
1012,65,3,337,338,0.0267062314540059,0.0236686390532544,0.0030375924007514,-0.0265033144963587,0.0268359594049437,0.0184392396258763,-0.0521815310614868,0.0812373880357507,0.83,P1_orion_strict,f_prior_flow_align,y_orion_pess,3,0.0074906367041198,801.0,-0.048780487804878,-0.125,0.0,211.0,False,2026-05-13,1.0,1.0
1205,67,3,401,407,-0.0358098160483531,-0.0278242408473642,-0.0079855752009888,-0.0631811673624832,0.0497311345405684,-0.0230311214563056,-0.1014376369055649,0.0632269054230657,0.832,P1_orion_strict,f_minutes_close,y_ret,3,-0.0018220497678322,886.0,-0.0232615315294979,-0.1158444694379214,0.0835145499030083,319.0,True,2026-05-13,1.0,1.0
219,23,3,73,73,0.0004245098369006,-0.0019258553857635,0.0023503652226641,-0.018908181417925,0.0154184658823104,0.104276769869818,-0.1291064684724836,0.2486029857206327,0.834,P1_orion_strict,f_iv,y_und_return_1d,3,,,,,,,,,1.0,1.0
1205,67,3,402,402,0.1865671641791045,0.1791044776119403,0.0074626865671642,-0.0647931045706086,0.089143457138986,0.0171112961698979,-0.0597790794093236,0.0940316370513841,0.84,P1_orion_strict,f_otm,y_tp,3,-0.000584058634906,886.0,0.0602825745682888,-0.0435601876327023,0.2164062869437744,319.0,False,2026-05-13,1.0,1.0
1205,67,3,401,406,-0.0281942802433861,-0.0359779914126275,0.0077837111692413,-0.0504226515044321,0.0625770833139245,0.0229995601789469,-0.0629566979290771,0.101102201887504,0.841,P1_orion_strict,f_minutes_open,y_ret,3,0.0035494536342036,886.0,0.0197298627860689,-0.0881178921110593,0.1145024236664863,319.0,True,2026-05-13,1.0,1.0
633,54,3,205,296,0.1804878048780487,0.1689189189189189,0.0115688859591298,-0.0772938065351315,0.0987782492493546,0.006513366058439,-0.0795895359888878,0.096272622477691,0.851,P1_orion_strict,f_osivrank_lag,y_tp,3,-0.0742434904996481,325.0,0.0195681511470985,-0.0824356758832565,0.1253422210970589,308.0,False,2026-05-13,1.0,1.0
705,57,3,234,241,0.0299145299145299,0.0331950207468879,-0.003280490832358,-0.0522716661830352,0.0365881174732452,0.0038066237928014,-0.0906728557576325,0.0890643695531234,0.856,P1_orion_strict,f_und_30d,y_orion_opt,3,0.0,386.0,-0.002583749109052,-0.0518374974136147,0.0454865376740376,319.0,False,2026-05-13,1.0,
705,57,3,234,241,0.0299145299145299,0.0331950207468879,-0.003280490832358,-0.0522716661830352,0.0365881174732452,0.0038066237928014,-0.0906728557576325,0.0890643695531234,0.856,P1_orion_strict,f_und_30d,y_orion_pess,3,0.0,386.0,-0.002583749109052,-0.0518374974136147,0.0454865376740376,319.0,False,2026-05-13,1.0,1.0
705,57,3,233,236,-0.0121621205550287,-0.0156443644105816,0.0034822438555528,-0.0416107648110297,0.055174265267911,-0.0372140666160207,-0.1078911508019902,0.0483839513836659,0.867,P1_orion_strict,f_und_5d,y_ret,3,-0.0265361628974246,386.0,0.0335370664884286,-0.0260075208894225,0.1290667183231624,319.0,False,2026-05-13,1.0,1.0
705,57,3,234,241,-0.0068417289748835,-0.0038537958543515,-0.002987933120532,-0.0638502082291295,0.0640751540855383,-0.0634319436953645,-0.1526119476099335,0.0345769785179797,0.873,P1_orion_strict,f_und_30d,y_ret,3,-0.001610045866906,386.0,0.0024069343685039,-0.069305972707401,0.0998999177430744,319.0,False,2026-05-13,1.0,1.0
319,24,3,106,107,-0.0010414371583077,-0.0005998553151037,-0.0004415818432039,-0.0126159119916662,0.0075534165339579,0.0016340257860486,-0.2232047228701085,0.193393227559507,0.887,P1_orion_strict,f_logmoney,y_und_return_1d,3,,,,,,,,,1.0,1.0
1012,65,3,337,338,-0.0345713485440662,-0.0295203189638888,-0.0050510295801774,-0.0675166104497207,0.0485835547296612,-0.0319851318006141,-0.1460210228541856,0.0609960335639498,0.89,P1_orion_strict,f_prior_flow,y_ret,3,0.0111962701249457,801.0,-0.0659399862765261,-0.2043541999859809,0.0358076837487382,211.0,False,2026-05-13,1.0,1.0
697,55,3,216,309,0.1898148148148148,0.1941747572815534,-0.0043599424667385,-0.079239588171701,0.0718238612912593,-0.0409571265648537,-0.1290747794683825,0.0550057925483593,0.9,P1_orion_strict,f_mom5d_lag,y_tp,3,-0.0334241477839059,378.0,-0.0116653258246178,-0.1178983068412782,0.0976491771044555,319.0,True,2026-05-13,1.0,1.0
1012,65,3,337,338,0.172106824925816,0.1745562130177514,-0.0024493880919354,-0.0734294674690333,0.0730029618774061,-0.0068719185772555,-0.0881687859121004,0.0736741238817559,0.9,P1_orion_strict,f_prior_flow,y_tp,3,0.0149812734082396,801.0,-0.0634920634920634,-0.2194565251317878,0.0877990430622008,211.0,False,2026-05-13,1.0,1.0
350,43,3,117,118,0.1709401709401709,0.1864406779661017,-0.0155005070259307,-0.1140219674826452,0.1137469362745096,-0.0465726929517835,-0.1597856510690101,0.096202493442057,0.908,P1_orion_strict,f_oibuild_lag,y_tp,3,,,,,,,,,1.0,1.0
1012,65,3,337,344,0.1839762611275964,0.1831395348837209,0.0008367262438755,-0.089335318670151,0.0788468255412028,-0.0142829260417821,-0.1190241550380154,0.0745478620198196,0.912,P1_orion_strict,f_prior_cnt,y_tp,3,-0.0090009137983551,801.0,-0.0367647058823529,-0.2095432352563279,0.2085813492063492,211.0,True,2026-05-13,1.0,1.0
319,24,3,106,113,0.0003203052530176,7.101844231811515e-05,0.0002492868106995,-0.0050800451667567,0.0105677876491276,-0.0298863423277562,-0.10619795330442,0.0902673187823369,0.917,P1_orion_strict,f_trade_count,y_und_return_1d,3,,,,,,,,,1.0,1.0
1000,55,3,332,336,-0.0251866545393959,-0.023640168649835,-0.0015464858895609,-0.0465997239662236,0.0500209553857257,0.0075764089440651,-0.0659962433230399,0.0940781219430129,0.93,P1_orion_strict,f_iv_rank,y_ret,3,-0.0358459944277608,684.0,0.050662928758395,-0.0024891977835103,0.110585914582077,316.0,False,2026-05-13,1.0,1.0
705,57,3,235,236,0.1659574468085106,0.1694915254237288,-0.0035340786152181,-0.0960761759601204,0.0816479373354667,-0.0103474399270739,-0.0991013508838543,0.0779026191493664,0.934,P1_orion_strict,f_rv20,y_tp,3,0.0172776244908685,386.0,-0.0390279823269514,-0.1554103971023278,0.1031835143155717,319.0,False,2026-05-13,1.0,1.0
705,57,3,234,236,0.1965811965811965,0.1906779661016949,0.0059032304795016,-0.1175757451037764,0.1172076018069018,-0.0158693002503646,-0.1311444071337143,0.0948982808049473,0.939,P1_orion_strict,f_hujacobs,y_tp,3,0.0542635658914728,386.0,-0.0376625570005066,-0.2110318253175395,0.1195848436506887,319.0,False,2026-05-13,1.0,1.0
577,54,3,172,194,0.1860465116279069,0.1804123711340206,0.0056341404938863,-0.1149748248551527,0.1222905422611304,-0.0453522502200193,-0.1674983601625025,0.079333911436368,0.95,P1_orion_strict,f_hujacobs_lag,y_tp,3,-0.0309701492537313,258.0,-0.0464646464646464,-0.2233426466909662,0.1080901314700666,319.0,True,2026-05-13,1.0,1.0
705,57,3,232,235,-0.0019388862487126,-0.0004092498831847,-0.0015296363655278,-0.0729165962910373,0.0786118832757286,-0.0660947504850861,-0.1510634033351702,0.034491422377783,0.951,P1_orion_strict,f_und_1d,y_ret,3,-0.0153113924853152,386.0,-0.0232354929529332,-0.0910303517825838,0.0699850302846159,319.0,True,2026-05-13,1.0,1.0
705,57,3,234,241,0.1923076923076923,0.1867219917012448,0.0055857006064475,-0.1013808423146481,0.1058321249963817,-0.0214657233193549,-0.1282587119281168,0.0876316258656702,0.985,P1_orion_strict,f_und_30d,y_tp,3,0.0387596899224806,386.0,-0.0098895224518888,-0.1074591481350183,0.1018986206763031,319.0,False,2026-05-13,1.0,1.0
350,43,3,115,118,-0.0302194347550271,-0.0305766183446515,0.0003571835896243,-0.0862495068002125,0.114925292346544,-0.0056286220830764,-0.1247662964803664,0.1429031297731559,0.994,P1_orion_strict,f_oimom_lag,y_ret,3,,,,,,,,,1.0,1.0
705,57,3,235,236,-0.0248936019694392,-0.023305055030001,-0.0015885469394382,-0.0600425188940832,0.059762889232688,-0.0223512125554933,-0.1128324145579358,0.0713232038436083,1.0,P1_orion_strict,f_rv20,y_ret,3,0.0524202123199328,386.0,0.0210237310053617,-0.062933102085563,0.1312493040766644,319.0,True,2026-05-13,1.0,1.0
1205,67,3,402,403,-0.0274830583157433,-0.0274471139088937,-3.5944406849626465e-05,-0.0494443008690299,0.0427157291595987,0.0330902120030943,-0.0388810918829185,0.094266544808685,1.0,P1_orion_strict,f_log_prem,y_ret,3,0.0142812358659377,886.0,-0.0314900168428708,-0.086233674365079,0.0264694126447348,319.0,False,2026-05-13,1.0,1.0
350,43,3,117,118,0.017094017094017,0.0169491525423728,0.0001448645516442,-0.0254237288135593,0.0372057629870129,-0.0270331916734626,-0.1059009735121756,0.0707960465204883,1.0,P1_orion_strict,f_oibuild_lag,y_orion_opt,3,,,,,,,,,1.0,
350,43,3,117,118,0.017094017094017,0.0169491525423728,0.0001448645516442,-0.0254237288135593,0.0372057629870129,-0.0270331916734626,-0.1059009735121756,0.0707960465204883,1.0,P1_orion_strict,f_oibuild_lag,y_orion_pess,3,,,,,,,,,1.0,1.0
350,43,3,115,118,0.017391304347826,0.0169491525423728,0.0004421518054532,-0.0314467021448153,0.0350057854658754,-0.0054502402567464,-0.1045700456870855,0.0918723503462429,1.0,P1_orion_strict,f_oimom_lag,y_orion_opt,3,,,,,,,,,1.0,
350,43,3,115,118,0.017391304347826,0.0169491525423728,0.0004421518054532,-0.0314467021448153,0.0350057854658754,-0.0054502402567464,-0.1045700456870855,0.0918723503462429,1.0,P1_orion_strict,f_oimom_lag,y_orion_pess,3,,,,,,,,,1.0,1.0
577,54,3,190,193,0.031578947368421,0.0310880829015544,0.0004908644668666,-0.0537297791511829,0.0515600631125106,0.0090896137947773,-0.0966588010289027,0.1003340586049187,1.0,P1_orion_strict,f_vol20_lag,y_orion_opt,3,,258.0,0.0289855072463768,0.006209263093321,0.0673277243589743,319.0,False,2026-05-13,1.0,
577,54,3,190,193,0.031578947368421,0.0310880829015544,0.0004908644668666,-0.0537297791511829,0.0515600631125106,0.0090896137947773,-0.0966588010289027,0.1003340586049187,1.0,P1_orion_strict,f_vol20_lag,y_orion_pess,3,,258.0,0.0289855072463768,0.006209263093321,0.0673277243589743,319.0,False,2026-05-13,1.0,1.0
1137,67,3,378,379,0.0471471699225813,-0.0732198843211558,0.1203670542437371,0.067248274746398,0.1776184348885941,0.2455455522763274,0.1584634931432252,0.3263930260676742,0.001,P2_no_universe_allowlist,f_abs_delta,y_ret,3,0.1099003285052996,643.0,0.1452016627407392,0.0754898653571854,0.2199169460560758,494.0,True,2026-05-14,,
1643,71,3,433,623,0.115473441108545,0.247191011235955,-0.13171757012741,-0.1981985785582753,-0.0827081764738393,-0.1446207509612625,-0.2172042607217726,-0.0830511596481723,0.001,P2_no_universe_allowlist,f_dte,y_tp,3,-0.1332452745182363,1149.0,-0.2019381875327396,-0.4229105868065496,-0.0469348967657238,494.0,True,2026-05-14,,
1643,71,3,433,623,0.0092378752886836,0.0513643659711075,-0.0421264906824239,-0.0704364489809963,-0.0209206008936198,-0.14183711578443,-0.2069908935159471,-0.084460497004932,0.001,P2_no_universe_allowlist,f_dte,y_orion_opt,3,-0.0778091785955643,1149.0,-0.0314300680984808,-0.1018165431266846,0.0158928571428571,494.0,True,2026-05-14,,
1643,71,3,433,623,0.0092378752886836,0.0513643659711075,-0.0421264906824239,-0.0704364489809963,-0.0209206008936198,-0.14183711578443,-0.2069908935159471,-0.084460497004932,0.001,P2_no_universe_allowlist,f_dte,y_orion_pess,3,-0.0778091785955643,1149.0,-0.0314300680984808,-0.1018165431266846,0.0158928571428571,494.0,True,2026-05-14,,
819,57,3,271,273,0.011070110701107,0.0476190476190476,-0.0365489369179406,-0.076549230417594,-0.0095302194301204,-0.0766541236309591,-0.146727041744584,-0.0044525123107903,0.01,P2_no_universe_allowlist,f_osiv_lag,y_orion_opt,3,-0.0273982300884955,354.0,0.0118343195266272,0.0,0.0232570457232952,465.0,False,2026-05-14,,
819,57,3,271,273,0.011070110701107,0.0476190476190476,-0.0365489369179406,-0.076549230417594,-0.0095302194301204,-0.0766541236309591,-0.146727041744584,-0.0044525123107903,0.01,P2_no_universe_allowlist,f_osiv_lag,y_orion_pess,3,-0.0273982300884955,354.0,0.0118343195266272,0.0,0.0232570457232952,465.0,False,2026-05-14,,
359,27,3,120,120,0.0043550432451347,-0.0075323908693641,0.0118874341144989,0.002247599367871,0.030247290302291,0.0919471297030437,-0.0121173832091061,0.2339810050533249,0.015,P2_no_universe_allowlist,f_prior_flow_align,y_und_return_1d,3,,,,,,,,,,
1621,71,3,540,541,0.0425925925925925,0.0147874306839186,0.0278051619086739,0.0051160459007695,0.0542324888155314,0.0946471348386564,0.034023327817157,0.1563463319584146,0.018,P2_no_universe_allowlist,f_vol_oi,y_orion_opt,3,0.0315442299680599,1138.0,0.0101443464314354,-0.0310077519379844,0.0512660054541657,483.0,True,2026-05-14,,
1621,71,3,540,541,0.0425925925925925,0.0147874306839186,0.0278051619086739,0.0051160459007695,0.0542324888155314,0.0946471348386564,0.034023327817157,0.1563463319584146,0.018,P2_no_universe_allowlist,f_vol_oi,y_orion_pess,3,0.0315442299680599,1138.0,0.0101443464314354,-0.0310077519379844,0.0512660054541657,483.0,True,2026-05-14,,
203,14,3,68,68,-0.0013164248227727,0.0171519017892191,-0.0184683266119918,-0.0475640182316172,-0.0027953239142232,-0.0774193248236154,-0.2146997220336179,0.0540284150058689,0.019,P2_no_universe_allowlist,f_log_prem,y_und_return_5d,3,,,,,,,,,,
1643,71,2,1095,548,0.1616438356164383,0.2226277372262773,-0.060983901609839,-0.1183462386995472,-0.0106848175487775,-0.0759755329084799,-0.1433850608030292,-0.0128503356774189,0.02,P2_no_universe_allowlist,f_ask_share,y_tp,3,-0.0652741514360313,1149.0,-0.0764860139860139,-0.1995306898481207,0.003199121341147,494.0,True,2026-05-14,,
819,57,3,271,304,0.011070110701107,0.0361842105263157,-0.0251140998252087,-0.0552318901117528,-0.0022516673715873,-0.0590617498652606,-0.1132217910787259,-0.0052684772245384,0.035,P2_no_universe_allowlist,f_osivrank_lag,y_orion_opt,3,0.0271493212669683,354.0,-0.000625,-0.0244990094762515,0.0251414252851978,465.0,False,2026-05-14,,
819,57,3,271,304,0.011070110701107,0.0361842105263157,-0.0251140998252087,-0.0552318901117528,-0.0022516673715873,-0.0590617498652606,-0.1132217910787259,-0.0052684772245384,0.035,P2_no_universe_allowlist,f_osivrank_lag,y_orion_pess,3,0.0271493212669683,354.0,-0.000625,-0.0244990094762515,0.0251414252851978,465.0,False,2026-05-14,,
1643,71,2,1095,548,-0.0318587687015933,0.0046895982797326,-0.0365483669813259,-0.0751612963277934,-0.0023569099883553,-0.0438868009771929,-0.1009986661528698,0.0056910068866647,0.038,P2_no_universe_allowlist,f_ask_share,y_ret,3,-0.033717992797915,1149.0,-0.053706622817083,-0.1533075803696055,0.0070208367719337,494.0,True,2026-05-14,,
991,59,3,330,335,-0.0370423298703325,0.0110917764684385,-0.048134106338771,-0.1044624372679142,-0.0018867670934221,-0.0397532395173956,-0.1105178949579283,0.0299027562420914,0.041,P2_no_universe_allowlist,f_netbull_lag,y_ret,3,-0.0958646414324483,497.0,-0.0175269331486172,-0.0929840451823747,0.0380855870718256,494.0,True,2026-05-14,,
402,27,3,127,139,-0.0023055567047038,0.0042563347051358,-0.0065618914098396,-0.015628492499385,-0.0001014195016135,-0.0953376773449354,-0.175850058853232,0.0019760529513446,0.045,P2_no_universe_allowlist,f_trade_count,y_und_return_1d,3,-0.0020175681802156,289.0,-0.0164972627716544,-0.0280236160049141,0.0040574331045559,113.0,True,2026-05-14,,
1383,57,3,460,462,0.2152173913043478,0.1558441558441558,0.0593732354601919,-0.0023961712327131,0.1150719067983976,0.0608124527321204,-0.0074891751674752,0.1225350741111246,0.06,P2_no_universe_allowlist,f_iv_rank,y_tp,3,0.059882945788986,892.0,0.0433684672815107,-0.0464614129653731,0.1514117625148488,491.0,True,2026-05-14,,
345,20,3,115,115,0.0066494105113311,-0.0017953176943545,0.0084447282056856,-0.0004050971357081,0.018707812587556,-0.034016553670843,-0.1901864088229793,0.1298466593678995,0.063,P2_no_universe_allowlist,f_iv_rank,y_und_return_1d,3,0.0002354360868571,234.0,0.0103952188160687,-0.0003454137093736,0.0211894022695603,111.0,True,2026-05-14,,
999,61,3,333,333,0.2192192192192192,0.1441441441441441,0.075075075075075,-0.0054654814981329,0.1524538420385999,0.0976122506619024,0.017958613886502,0.1792271518216199,0.069,P2_no_universe_allowlist,f_mom_align_5d,y_tp,3,0.0368298368298368,505.0,0.0773076923076923,-0.0255099311868521,0.1968350692770761,494.0,True,2026-05-14,,
988,59,2,27,961,0.108786012380582,-0.0075941347462978,0.1163801471268798,-0.0132998243722222,0.2339725805699392,0.0502741215350116,-0.0005925231868983,0.1029818443998792,0.077,P2_no_universe_allowlist,f_gamma_lag,y_ret,3,,,,,,,,,,
1643,71,3,547,551,0.1627056672760511,0.2214156079854809,-0.0587099407094297,-0.127619465785578,0.0061918049317488,-0.0517901214650574,-0.1205953205073405,0.0168565838957141,0.078,P2_no_universe_allowlist,f_minutes_open,y_tp,3,-0.0443864229765013,1149.0,-0.0906862745098039,-0.2369036113716878,0.0578349879056641,494.0,True,2026-05-14,,
1643,71,3,541,551,0.2199630314232902,0.161524500907441,0.0584385305158491,-0.0087033716818566,0.1269813689766103,0.051926975062312,-0.0164573699126661,0.1207777977195275,0.082,P2_no_universe_allowlist,f_minutes_close,y_tp,3,0.0443864229765013,1149.0,0.0906862745098039,-0.0578349879056641,0.2369036113716877,494.0,True,2026-05-14,,
991,59,3,330,331,0.0206610432778366,-0.0201661574821599,0.0408272007599966,-0.0047860394211026,0.0954652538093553,0.0652160200721517,-0.0021045518721048,0.1378074938184358,0.087,P2_no_universe_allowlist,f_sweepshare_lag,y_ret,3,0.0348129594422433,497.0,0.0304611650183821,-0.0280052443883741,0.0929916972659082,494.0,True,2026-05-14,,
998,61,3,323,341,0.0154798761609907,0.0410557184750733,-0.0255758423140826,-0.059513736873275,0.0045446824839043,-0.0406157103324555,-0.0945263039101034,0.0181482857190755,0.108,P2_no_universe_allowlist,f_hujacobs,y_orion_opt,3,-0.0189393939393939,505.0,-0.0188899151163302,-0.05910062521122,0.0111204954954954,493.0,True,2026-05-14,,
998,61,3,323,341,0.0154798761609907,0.0410557184750733,-0.0255758423140826,-0.059513736873275,0.0045446824839043,-0.0406157103324555,-0.0945263039101034,0.0181482857190755,0.108,P2_no_universe_allowlist,f_hujacobs,y_orion_pess,3,-0.0189393939393939,505.0,-0.0188899151163302,-0.05910062521122,0.0111204954954954,493.0,True,2026-05-14,,
849,59,3,283,283,0.0176678445229682,0.0424028268551236,-0.0247349823321554,-0.0636784538785152,0.0061321594355343,-0.033546781960316,-0.1166078925107116,0.049109603278243,0.114,P2_no_universe_allowlist,f_vrp,y_orion_opt,3,0.0,356.0,-0.0038286826735885,-0.0476308804736054,0.03125,493.0,False,2026-05-14,,
849,59,3,283,283,0.0176678445229682,0.0424028268551236,-0.0247349823321554,-0.0636784538785152,0.0061321594355343,-0.033546781960316,-0.1166078925107116,0.049109603278243,0.114,P2_no_universe_allowlist,f_vrp,y_orion_pess,3,0.0,356.0,-0.0038286826735885,-0.0476308804736054,0.03125,493.0,False,2026-05-14,,
402,27,3,132,161,-0.0037441372984068,0.0047824235866447,-0.0085265608850516,-0.0240381634929863,0.0026080110825093,-0.0802825370288878,-0.2190671399826508,0.1055948894433797,0.114,P2_no_universe_allowlist,f_dte,y_und_return_1d,3,-0.0083091408111868,289.0,-0.0170346823406903,-0.0263132028578525,-0.0027556509457239,113.0,True,2026-05-14,,
981,59,3,325,362,0.2092307692307692,0.1657458563535911,0.043484912877178,-0.0116985021180608,0.1034606139775225,0.0163690251782793,-0.0372164828303418,0.0735000468986567,0.116,P2_no_universe_allowlist,f_rsi14_lag,y_tp,3,-0.0171428571428571,488.0,0.0501827427300174,-0.023994569638509,0.15514034573467,493.0,False,2026-05-14,,
991,59,3,330,331,0.0393939393939393,0.0151057401812688,0.0242881992126705,-0.0058402595246314,0.061058629231869,0.0443890655221992,-0.0396071501281497,0.1226369877650919,0.116,P2_no_universe_allowlist,f_sweepshare_lag,y_orion_opt,3,0.0399032211469016,497.0,-0.0055233360950013,-0.0300763203188694,0.0424293231876111,494.0,False,2026-05-14,,
991,59,3,330,331,0.0393939393939393,0.0151057401812688,0.0242881992126705,-0.0058402595246314,0.061058629231869,0.0443890655221992,-0.0396071501281497,0.1226369877650919,0.116,P2_no_universe_allowlist,f_sweepshare_lag,y_orion_pess,3,0.0399032211469016,497.0,-0.0055233360950013,-0.0300763203188694,0.0424293231876111,494.0,False,2026-05-14,,
981,59,3,325,362,0.0123371249414885,-0.0227195928849192,0.0350567178264078,-0.0089303708895846,0.0781405628358161,0.0573011738688241,-0.0120540669579842,0.1307022467711638,0.118,P2_no_universe_allowlist,f_rsi14_lag,y_ret,3,0.0531138150776001,488.0,0.0230780513893245,-0.0500450596692233,0.0987087158814656,493.0,True,2026-05-14,,
1383,57,3,460,462,0.0052146763009904,-0.0237376882574811,0.0289523645584716,-0.0102141188797006,0.0641465872582929,0.0387689148413089,-0.0249787029128238,0.1056839935024917,0.121,P2_no_universe_allowlist,f_iv_rank,y_ret,3,-0.0108553485957431,892.0,0.0526479159366415,0.00053704634622,0.1151960978643866,491.0,False,2026-05-14,,
848,58,3,283,285,0.0106007067137809,0.031578947368421,-0.0209782406546401,-0.0514962121212121,0.0058060489142258,-0.0602570511063944,-0.1185187082602827,0.0032030559023002,0.13,P2_no_universe_allowlist,f_hujacobs_lag,y_orion_opt,3,-0.0425141242937853,355.0,-0.0148916750732574,-0.059116949461777,0.0176823995905377,493.0,True,2026-05-14,,
848,58,3,283,285,0.0106007067137809,0.031578947368421,-0.0209782406546401,-0.0514962121212121,0.0058060489142258,-0.0602570511063944,-0.1185187082602827,0.0032030559023002,0.13,P2_no_universe_allowlist,f_hujacobs_lag,y_orion_pess,3,-0.0425141242937853,355.0,-0.0148916750732574,-0.059116949461777,0.0176823995905377,493.0,True,2026-05-14,,
1643,71,3,541,551,0.0184842883548983,0.0326678765880217,-0.0141835882331234,-0.0399747530799008,0.0041761097614539,-0.0587885919554406,-0.1358791708826566,0.0054959454323033,0.132,P2_no_universe_allowlist,f_minutes_close,y_orion_opt,3,-0.02088772845953,1149.0,0.0011671335200746,-0.0271932582096048,0.0263192703982177,494.0,False,2026-05-14,,
1643,71,3,541,551,0.0184842883548983,0.0326678765880217,-0.0141835882331234,-0.0399747530799008,0.0041761097614539,-0.0587885919554406,-0.1358791708826566,0.0054959454323033,0.132,P2_no_universe_allowlist,f_minutes_close,y_orion_pess,3,-0.02088772845953,1149.0,0.0011671335200746,-0.0271932582096048,0.0263192703982177,494.0,False,2026-05-14,,
1643,71,3,548,549,0.0200729927007299,0.0346083788706739,-0.014535386169944,-0.0330117664167735,0.0048380208223819,-0.0479868200355984,-0.0916242795000718,-0.0086261091478051,0.135,P2_no_universe_allowlist,f_log_prem,y_orion_opt,3,-0.02088772845953,1149.0,0.0062287292108135,-0.0191253606233641,0.0285979632234577,494.0,False,2026-05-14,,
1643,71,3,548,549,0.0200729927007299,0.0346083788706739,-0.014535386169944,-0.0330117664167735,0.0048380208223819,-0.0479868200355984,-0.0916242795000718,-0.0086261091478051,0.135,P2_no_universe_allowlist,f_log_prem,y_orion_pess,3,-0.02088772845953,1149.0,0.0062287292108135,-0.0191253606233641,0.0285979632234577,494.0,False,2026-05-14,,
999,61,3,333,333,0.0243932976119165,-0.0306309040345323,0.0550242016464488,-0.0195855885265411,0.1362540524820467,0.0380896677750432,-0.0662513317860617,0.1599506806595397,0.143,P2_no_universe_allowlist,f_mom_align_5d,y_ret,3,0.0588652753868454,505.0,0.0387525489841825,-0.0554962785953255,0.1443998524221451,494.0,True,2026-05-14,,
1643,71,3,541,593,0.0295748613678373,0.0151770657672849,0.0143977956005523,-0.0055414962073469,0.0372712045495827,0.0403111399531109,-0.0070152116964436,0.0810231364970092,0.145,P2_no_universe_allowlist,f_trade_count,y_orion_opt,3,0.0179350992015899,1149.0,0.012068264932954,-0.0222366478950438,0.0462247272159692,494.0,True,2026-05-14,,
1643,71,3,541,593,0.0295748613678373,0.0151770657672849,0.0143977956005523,-0.0055414962073469,0.0372712045495827,0.0403111399531109,-0.0070152116964436,0.0810231364970092,0.145,P2_no_universe_allowlist,f_trade_count,y_orion_pess,3,0.0179350992015899,1149.0,0.012068264932954,-0.0222366478950438,0.0462247272159692,494.0,True,2026-05-14,,
1643,71,3,548,548,0.1916058394160583,0.1405109489051094,0.0510948905109489,-0.0160095232306268,0.1273432927509153,0.07926278122455,0.0117118445860195,0.1498987932478763,0.152,P2_no_universe_allowlist,f_logmoney,y_tp,3,0.04177545691906,1149.0,0.0803169843649603,-0.0052280502225221,0.1642156867302873,494.0,True,2026-05-14,,
1137,67,3,378,379,0.2116402116402116,0.1556728232189973,0.0559673884212142,-0.021243587375067,0.1361896734293708,0.0645332539119998,-0.0166072318368484,0.1415405102267241,0.156,P2_no_universe_allowlist,f_abs_delta,y_tp,3,0.0540844582900657,643.0,0.0797393929763229,0.0096700116249741,0.1385834254887539,494.0,True,2026-05-14,,
277,11,3,87,93,0.2183908045977011,0.1182795698924731,0.100111234705228,-0.0500027472527472,0.2431046587253836,0.0693193989569394,-0.0786615784023598,0.1763407710104754,0.161,P2_no_universe_allowlist,f_ts_slope_lag,y_tp,3,,,,,,,,,,
983,59,3,303,331,0.1749174917491749,0.2235649546827794,-0.0486474629336045,-0.1190576003387637,0.0176696665589187,-0.038576082190597,-0.0978076795487853,0.0182080386967785,0.163,P2_no_universe_allowlist,f_mom5d_lag,y_tp,3,-0.0558292282430213,489.0,-0.0327158221895063,-0.1347093591197869,0.0582386363636363,494.0,True,2026-05-14,,
277,11,3,87,93,0.0097014089123551,-0.0403870278431744,0.0500884367555295,-0.0213361620938858,0.1238079751232193,0.0032117952130211,-0.0782591257315577,0.09178339104923,0.175,P2_no_universe_allowlist,f_ts_slope_lag,y_ret,3,,,,,,,,,,
991,59,3,330,335,0.0212121212121212,0.0417910447761194,-0.0205789235639981,-0.0547200048807752,0.0095587099823421,-0.0819129709054793,-0.1517006172869979,-0.007484326519226,0.184,P2_no_universe_allowlist,f_netbull_lag,y_orion_opt,3,-0.0542168674698795,497.0,-0.0272256728778467,-0.0890662533272739,0.0138808934070945,494.0,True,2026-05-14,,
991,59,3,330,335,0.0212121212121212,0.0417910447761194,-0.0205789235639981,-0.0547200048807752,0.0095587099823421,-0.0819129709054793,-0.1517006172869979,-0.007484326519226,0.184,P2_no_universe_allowlist,f_netbull_lag,y_orion_pess,3,-0.0542168674698795,497.0,-0.0272256728778467,-0.0890662533272739,0.0138808934070945,494.0,True,2026-05-14,,
998,61,3,333,333,0.021021021021021,0.036036036036036,-0.015015015015015,-0.0480035211067143,0.0082211266909542,-0.0379043028862075,-0.1029380275339392,0.0195760873772941,0.212,P2_no_universe_allowlist,f_rv20,y_orion_opt,3,-0.0399408284023668,505.0,0.0163398692810457,0.0047835551826572,0.0275865729555604,493.0,False,2026-05-14,,
998,61,3,333,333,0.021021021021021,0.036036036036036,-0.015015015015015,-0.0480035211067143,0.0082211266909542,-0.0379043028862075,-0.1029380275339392,0.0195760873772941,0.212,P2_no_universe_allowlist,f_rv20,y_orion_pess,3,-0.0399408284023668,505.0,0.0163398692810457,0.0047835551826572,0.0275865729555604,493.0,False,2026-05-14,,
998,61,3,323,341,0.1609907120743034,0.219941348973607,-0.0589506368993036,-0.1557757970988206,0.0336235216090237,-0.0715435325827011,-0.1663808541620211,0.0233397170724274,0.216,P2_no_universe_allowlist,f_hujacobs,y_tp,3,-0.0100108225108224,505.0,-0.0895896556273914,-0.2310563637003205,0.0388391650231044,493.0,True,2026-05-14,,
203,14,3,67,72,0.0015806887393256,0.010740636633543,-0.0091599478942173,-0.023003847265078,0.0045375289252051,-0.0321958921006843,-0.1454830841895965,0.0835010980053624,0.222,P2_no_universe_allowlist,f_trade_count,y_und_return_5d,3,,,,,,,,,,
1621,71,3,540,541,0.2018518518518518,0.1645101663585952,0.0373416854932566,-0.0257046139568004,0.0967014970454546,0.0637184188402982,-0.001707868865794,0.1252741626837054,0.225,P2_no_universe_allowlist,f_vol_oi,y_tp,3,0.0364116094986807,1138.0,0.0361267040898155,-0.10006993006993,0.1637402745114806,483.0,True,2026-05-14,,
478,45,3,158,161,0.0063291139240506,0.0248447204968944,-0.0185156065728437,-0.0425577377705037,0.0179596207169736,-0.0356514818221959,-0.1131370601326673,0.0631817031387831,0.239,P2_no_universe_allowlist,f_oibuild_lag,y_orion_opt,3,,,,,,,,,,
478,45,3,158,161,0.0063291139240506,0.0248447204968944,-0.0185156065728437,-0.0425577377705037,0.0179596207169736,-0.0356514818221959,-0.1131370601326673,0.0631817031387831,0.239,P2_no_universe_allowlist,f_oibuild_lag,y_orion_pess,3,,,,,,,,,,
1643,71,3,548,548,-0.028591367085934,-0.009284772597682,-0.019306594488252,-0.0515855541130524,0.0139233043042124,-0.0691689287702263,-0.124819394723127,-0.0148755188320883,0.243,P2_no_universe_allowlist,f_otm,y_ret,3,-0.0083133497767323,1149.0,-0.0425531748468916,-0.1228064744261331,0.0249716744122939,494.0,True,2026-05-14,,
1643,71,3,548,548,-0.0042605595224794,-0.0381250256869288,0.0338644661644493,-0.0223183682284152,0.0888159331441055,0.0523097253759353,-0.0526090275033151,0.1467192984655008,0.246,P2_no_universe_allowlist,f_logmoney,y_ret,3,0.0365830318172443,1149.0,0.0247115561632576,-0.0433520816618468,0.1107420711384162,494.0,True,2026-05-14,,
991,59,3,330,331,0.2151515151515151,0.1722054380664652,0.0429460770850498,-0.0281391791341349,0.1237919996160286,0.049605961041425,-0.0301788982020514,0.128801123533977,0.248,P2_no_universe_allowlist,f_sweepshare_lag,y_tp,3,0.0466199624440271,497.0,0.0066280033140016,-0.1047844729545306,0.1344420299849622,494.0,True,2026-05-14,,
819,57,3,271,304,-0.0012482203895723,-0.026235358498049,0.0249871381084767,-0.0171453990828262,0.0867697306705242,0.0472088193268572,-0.023993992271842,0.1303775444094063,0.254,P2_no_universe_allowlist,f_osivrank_lag,y_ret,3,-0.0382675981010668,354.0,0.0561586242727242,0.0111442121696598,0.1217406968114978,465.0,False,2026-05-14,,
1643,71,3,548,548,0.1970802919708029,0.1660583941605839,0.0310218978102189,-0.0213591870535142,0.0870139973357414,0.0408295700933602,-0.018677661957392,0.0979464791701177,0.261,P2_no_universe_allowlist,f_otm,y_tp,3,0.0339425587467362,1149.0,0.031395788677342,-0.0629547205842937,0.1304197529482554,494.0,True,2026-05-14,,
1137,67,3,379,379,0.1741424802110818,0.2058047493403693,-0.0316622691292875,-0.0840639641706541,0.0273443122665184,-0.019579907605665,-0.0797349586948035,0.0437579691127922,0.268,P2_no_universe_allowlist,f_iv,y_tp,3,-0.0705426356589147,643.0,-0.0025554093715211,-0.0731475229472868,0.0819379855781413,494.0,True,2026-05-14,,
848,58,3,283,285,0.166077738515901,0.2245614035087719,-0.0584836649928708,-0.1614862494353275,0.0465298095982578,-0.086632941760856,-0.1823894807083787,0.0213039754010313,0.274,P2_no_universe_allowlist,f_hujacobs_lag,y_tp,3,-0.0293785310734463,355.0,-0.0850506797329106,-0.224511045518305,0.0496655594217019,493.0,True,2026-05-14,,
359,27,3,120,120,-0.0058807589769894,-0.0005936467547733,-0.0052871122222161,-0.0254295425757057,0.0048610625470567,-0.0451073570117608,-0.1787463687910658,0.0823834334613622,0.289,P2_no_universe_allowlist,f_prior_flow,y_und_return_1d,3,,,,,,,,,,
402,27,3,134,135,0.0017507748694619,-0.0029728206205122,0.0047235954899741,-0.0033509486948344,0.0196168477712651,0.0204265165052669,-0.0794854313650544,0.1598563032195119,0.29,P2_no_universe_allowlist,f_minutes_open,y_und_return_1d,3,0.0048724566343,289.0,-0.0027918049081158,-0.0339294483255765,0.0175475743930498,113.0,False,2026-05-14,,
926,58,3,309,313,0.0355987055016181,0.0191693290734824,0.0164293764281356,-0.0155389122582368,0.0510319320035706,0.0360747916687104,-0.0272757064120088,0.0977083763542892,0.301,P2_no_universe_allowlist,f_tox_lag,y_orion_opt,3,0.0185359231411863,432.0,0.0189898989898989,-0.0240320408654569,0.0615384615384615,494.0,True,2026-05-14,,
926,58,3,309,313,0.0355987055016181,0.0191693290734824,0.0164293764281356,-0.0155389122582368,0.0510319320035706,0.0360747916687104,-0.0272757064120088,0.0977083763542892,0.301,P2_no_universe_allowlist,f_tox_lag,y_orion_pess,3,0.0185359231411863,432.0,0.0189898989898989,-0.0240320408654569,0.0615384615384615,494.0,True,2026-05-14,,
999,61,3,333,333,0.033033033033033,0.018018018018018,0.015015015015015,-0.016036522748037,0.0396716374328988,0.0433969526443291,-0.0167163060188178,0.0919821609232546,0.305,P2_no_universe_allowlist,f_mom_align_5d,y_orion_opt,3,0.0111170880401649,505.0,0.0097435897435897,-0.0221363944155932,0.0368365402491169,494.0,True,2026-05-14,,
999,61,3,333,333,0.033033033033033,0.018018018018018,0.015015015015015,-0.016036522748037,0.0396716374328988,0.0433969526443291,-0.0167163060188178,0.0919821609232546,0.305,P2_no_universe_allowlist,f_mom_align_5d,y_orion_pess,3,0.0111170880401649,505.0,0.0097435897435897,-0.0221363944155932,0.0368365402491169,494.0,True,2026-05-14,,
402,27,3,132,134,-0.0027780624722974,0.0017507748694619,-0.0045288373417594,-0.0193626861001639,0.0034545296475094,-0.0202639038734645,-0.159925782342929,0.0794483188106714,0.305,P2_no_universe_allowlist,f_minutes_close,y_und_return_1d,3,-0.0047676514243237,289.0,0.0027918049081158,-0.0175475743930498,0.0339294483255765,113.0,False,2026-05-14,,
1383,57,3,460,462,0.0369565217391304,0.0238095238095238,0.0131469979296066,-0.0126866909277518,0.0366937625040045,0.0339879488827003,-0.0394141939315508,0.0980163805965992,0.311,P2_no_universe_allowlist,f_iv_rank,y_orion_opt,3,0.0200438388357851,892.0,0.0015371102327624,-0.0243619842615538,0.036521164021164,491.0,True,2026-05-14,,
1383,57,3,460,462,0.0369565217391304,0.0238095238095238,0.0131469979296066,-0.0126866909277518,0.0366937625040045,0.0339879488827003,-0.0394141939315508,0.0980163805965992,0.311,P2_no_universe_allowlist,f_iv_rank,y_orion_pess,3,0.0200438388357851,892.0,0.0015371102327624,-0.0243619842615538,0.036521164021164,491.0,True,2026-05-14,,
203,14,2,135,68,4.302570149219749e-05,0.0118383359743285,-0.0117953102728363,-0.0409865588371462,0.0112376945460592,-0.089775314323826,-0.2130860575703161,0.060896288024318,0.319,P2_no_universe_allowlist,f_ask_share,y_und_return_5d,3,,,,,,,,,,
1643,71,3,548,548,0.0273722627737226,0.0145985401459854,0.0127737226277372,-0.0110336965673554,0.0380203014197678,0.0351736050229408,-0.0350092754870891,0.10006798801303,0.338,P2_no_universe_allowlist,f_otm,y_orion_opt,3,0.0130548302872062,1149.0,6.304375236414195e-05,-0.0313944993003112,0.0224855856976937,494.0,True,2026-05-14,,
1643,71,3,548,548,0.0273722627737226,0.0145985401459854,0.0127737226277372,-0.0110336965673554,0.0380203014197678,0.0351736050229408,-0.0350092754870891,0.10006798801303,0.338,P2_no_universe_allowlist,f_otm,y_orion_pess,3,0.0130548302872062,1149.0,6.304375236414195e-05,-0.0313944993003112,0.0224855856976937,494.0,True,2026-05-14,,
1643,71,3,548,549,-0.0045638862180776,-0.0233675709319524,0.0188036847138747,-0.0255337433184473,0.0560493008084682,0.0555185004548902,-0.0116381665344117,0.1184955954256976,0.34,P2_no_universe_allowlist,f_log_prem,y_ret,3,0.0170461315840103,1149.0,0.0213419064376505,-0.0315141363963598,0.086607211132946,494.0,True,2026-05-14,,
926,58,2,257,669,0.0194552529182879,0.0343796711509716,-0.0149244182326836,-0.0411903648646067,0.0268292828291005,-0.0503866453428864,-0.1291226188174681,0.0302304269290023,0.353,P2_no_universe_allowlist,f_mktgex_lag,y_orion_opt,3,,,,,,,,,,
926,58,2,257,669,0.0194552529182879,0.0343796711509716,-0.0149244182326836,-0.0411903648646067,0.0268292828291005,-0.0503866453428864,-0.1291226188174681,0.0302304269290023,0.353,P2_no_universe_allowlist,f_mktgex_lag,y_orion_pess,3,,,,,,,,,,
1621,71,3,540,541,-0.0059133374640035,-0.0283986491319854,0.0224853116679819,-0.0294371315949438,0.068711884500255,0.0431716963369346,-0.0393863924971351,0.1097756467166807,0.363,P2_no_universe_allowlist,f_vol_oi,y_ret,3,0.0236860599082612,1138.0,0.0100650040381709,-0.0865876217915961,0.1040216237878899,483.0,True,2026-05-14,,
848,58,3,283,294,0.0041372883979831,-0.0204720185184401,0.0246093069164232,-0.0284540838155432,0.0841735968165644,0.0294194380884492,-0.027710299379294,0.1032325035220857,0.37,P2_no_universe_allowlist,f_vol20_lag,y_ret,3,0.0515811305679823,355.0,0.0481021756633813,-0.0194944487006228,0.1501140777638644,493.0,True,2026-05-14,,
988,59,2,27,961,0.2962962962962963,0.1831425598335067,0.1131537364627895,-0.1170118494552292,0.3408905360134003,0.0262706394157746,-0.026926954852804,0.0916787206996474,0.371,P2_no_universe_allowlist,f_gamma_lag,y_tp,3,,,,,,,,,,
296,26,3,99,99,0.0045005441639897,-0.0038895156539925,0.0083900598179823,-0.0124277430901767,0.0250386864104206,0.0382599508933738,-0.1616495969221451,0.2166750886921216,0.376,P2_no_universe_allowlist,f_iv,y_und_return_1d,3,,,,,,,,,,
1643,71,3,548,548,0.0273722627737226,0.0182481751824817,0.0091240875912408,-0.0115603902766812,0.0328230442990014,0.0392294084915674,-0.0132578088780103,0.0891680323169545,0.392,P2_no_universe_allowlist,f_logmoney,y_orion_opt,3,0.0026109660574412,1149.0,0.0233454701220818,-0.0086467111840263,0.0674274398679874,494.0,True,2026-05-14,,
1643,71,3,548,548,0.0273722627737226,0.0182481751824817,0.0091240875912408,-0.0115603902766812,0.0328230442990014,0.0392294084915674,-0.0132578088780103,0.0891680323169545,0.392,P2_no_universe_allowlist,f_logmoney,y_orion_pess,3,0.0026109660574412,1149.0,0.0233454701220818,-0.0086467111840263,0.0674274398679874,494.0,True,2026-05-14,,
926,58,3,309,313,-0.0058773458956485,-0.0250752277587438,0.0191978818630952,-0.0253113261810924,0.0701786728525213,-0.0069951086106962,-0.0692797016865325,0.0570233011747749,0.392,P2_no_universe_allowlist,f_tox_lag,y_ret,3,0.0242813086707374,432.0,0.01597098677114,-0.0470729693900246,0.069251599950564,494.0,True,2026-05-14,,
995,61,3,332,333,0.1626506024096385,0.1981981981981982,-0.0355475957885596,-0.12560079747896,0.0514173117569603,-0.0439742484251567,-0.1270927346539978,0.049619177516612,0.396,P2_no_universe_allowlist,f_und_30d,y_tp,3,0.0024350649350649,505.0,-0.0342879371665678,-0.1190120078458218,0.0633295239895654,490.0,False,2026-05-14,,
1643,71,3,547,551,0.0329067641681901,0.0235934664246823,0.0093132977435077,-0.012946015987191,0.0359847644144849,0.0585434630081573,-0.0052947319719973,0.1346606428537722,0.397,P2_no_universe_allowlist,f_minutes_open,y_orion_opt,3,0.02088772845953,1149.0,-0.0011671335200746,-0.0263192703982177,0.0271932582096048,494.0,False,2026-05-14,,
1643,71,3,547,551,0.0329067641681901,0.0235934664246823,0.0093132977435077,-0.012946015987191,0.0359847644144849,0.0585434630081573,-0.0052947319719973,0.1346606428537722,0.397,P2_no_universe_allowlist,f_minutes_open,y_orion_pess,3,0.02088772845953,1149.0,-0.0011671335200746,-0.0263192703982177,0.0271932582096048,494.0,False,2026-05-14,,
991,59,3,330,335,0.1636363636363636,0.191044776119403,-0.0274084124830393,-0.1077555967993983,0.0393931515071518,-0.0331180341605785,-0.115920479989935,0.0382983530530764,0.398,P2_no_universe_allowlist,f_netbull_lag,y_tp,3,-0.0903614457831325,497.0,0.0197722567287784,-0.054368441830706,0.105542493789652,494.0,False,2026-05-14,,
819,57,3,271,273,0.1476014760147601,0.1794871794871795,-0.0318857034724193,-0.1139409608835192,0.0558742670348172,-0.0430987905625258,-0.1211447892052844,0.0477400260460938,0.401,P2_no_universe_allowlist,f_osiv_lag,y_tp,3,-0.0224424778761062,354.0,-0.0418060200668896,-0.1266229080346761,0.0717386632280249,465.0,True,2026-05-14,,
1643,71,2,1095,548,0.021917808219178,0.0310218978102189,-0.0091040895910408,-0.0321884068746048,0.0119328543709233,-0.0410103511174426,-0.1076544668445601,0.0250035204064174,0.41,P2_no_universe_allowlist,f_ask_share,y_orion_opt,3,-0.0078328981723237,1149.0,-0.0196678321678321,-0.0799698927772762,0.0123949118150237,494.0,True,2026-05-14,,
1643,71,2,1095,548,0.021917808219178,0.0310218978102189,-0.0091040895910408,-0.0321884068746048,0.0119328543709233,-0.0410103511174426,-0.1076544668445601,0.0250035204064174,0.41,P2_no_universe_allowlist,f_ask_share,y_orion_pess,3,-0.0078328981723237,1149.0,-0.0196678321678321,-0.0799698927772762,0.0123949118150237,494.0,True,2026-05-14,,
402,27,2,268,134,0.0022858330524389,-0.0024859193292035,0.0047717523816424,-0.0069775817737274,0.0158662087033121,0.1454967079579459,0.0255108760825144,0.2726319706335829,0.413,P2_no_universe_allowlist,f_ask_share,y_und_return_1d,3,0.0078821739268151,289.0,-0.0024423799621766,-0.0189264485146516,0.0091466881357836,113.0,False,2026-05-14,,
981,59,3,325,362,0.0184615384615384,0.0303867403314917,-0.0119252018699532,-0.0527700791060703,0.0150658607111634,-0.007387112786469,-0.0826248973698884,0.058915876784867,0.413,P2_no_universe_allowlist,f_rsi14_lag,y_orion_opt,3,0.0232142857142857,488.0,-0.0076275226442078,-0.055802056600303,0.0377925514800514,493.0,False,2026-05-14,,
981,59,3,325,362,0.0184615384615384,0.0303867403314917,-0.0119252018699532,-0.0527700791060703,0.0150658607111634,-0.007387112786469,-0.0826248973698884,0.058915876784867,0.413,P2_no_universe_allowlist,f_rsi14_lag,y_orion_pess,3,0.0232142857142857,488.0,-0.0076275226442078,-0.055802056600303,0.0377925514800514,493.0,False,2026-05-14,,
848,58,3,283,294,0.0212014134275618,0.0340136054421768,-0.012812192014615,-0.0491917679099,0.0161534203244344,-0.0209112057920223,-0.0996421540167026,0.0509133448979087,0.43,P2_no_universe_allowlist,f_vol20_lag,y_orion_opt,3,-0.0173813114989585,355.0,0.0259740259740259,0.008127632481144,0.0532360921407213,493.0,False,2026-05-14,,
848,58,3,283,294,0.0212014134275618,0.0340136054421768,-0.012812192014615,-0.0491917679099,0.0161534203244344,-0.0209112057920223,-0.0996421540167026,0.0509133448979087,0.43,P2_no_universe_allowlist,f_vol20_lag,y_orion_pess,3,-0.0173813114989585,355.0,0.0259740259740259,0.008127632481144,0.0532360921407213,493.0,False,2026-05-14,,
1643,71,3,548,549,0.1660583941605839,0.1894353369763206,-0.0233769428157366,-0.08515261914625,0.0350272362039669,-0.0352502624436347,-0.0984431575680502,0.0249740959137321,0.432,P2_no_universe_allowlist,f_log_prem,y_tp,3,-0.0052219321148825,1149.0,-0.0521736338534643,-0.1294933359682059,0.0426012873041671,494.0,True,2026-05-14,,
848,58,3,279,284,0.0051172689845445,-0.0194004179328859,0.0245176869174304,-0.0407045404683246,0.0810211773031374,0.0605687003441962,-0.0428983930247271,0.156065851014802,0.436,P2_no_universe_allowlist,f_mom20d_lag,y_ret,3,0.0217823805736087,355.0,0.0101001598438125,-0.0763300742234565,0.0732968474714983,493.0,True,2026-05-14,,
1137,67,3,378,379,0.0238095238095238,0.0369393139841688,-0.013129790174645,-0.0441505855706578,0.0200430439548166,-0.008518051998996,-0.0698272630349073,0.0646269735441722,0.468,P2_no_universe_allowlist,f_abs_delta,y_orion_opt,3,-0.0049325025960539,643.0,-0.0140791355474336,-0.0641447844191459,0.0333090415514685,494.0,True,2026-05-14,,
1137,67,3,378,379,0.0238095238095238,0.0369393139841688,-0.013129790174645,-0.0441505855706578,0.0200430439548166,-0.008518051998996,-0.0698272630349073,0.0646269735441722,0.468,P2_no_universe_allowlist,f_abs_delta,y_orion_pess,3,-0.0049325025960539,643.0,-0.0140791355474336,-0.0641447844191459,0.0333090415514685,494.0,True,2026-05-14,,
478,45,3,159,161,0.0314465408805031,0.0186335403726708,0.0128130005078323,-0.0214564807032295,0.0495608108108107,0.010767974947862,-0.0884150641212723,0.0971455666634665,0.477,P2_no_universe_allowlist,f_oimom_lag,y_orion_opt,3,,,,,,,,,,
478,45,3,159,161,0.0314465408805031,0.0186335403726708,0.0128130005078323,-0.0214564807032295,0.0495608108108107,0.010767974947862,-0.0884150641212723,0.0971455666634665,0.477,P2_no_universe_allowlist,f_oimom_lag,y_orion_pess,3,,,,,,,,,,
397,27,3,132,133,0.0043261105107243,-0.0007731655064975,0.0050992760172218,-0.0164026345660013,0.0172958358767978,0.062571823258742,-0.188389776186414,0.2014205104776898,0.485,P2_no_universe_allowlist,f_vol_oi,y_und_return_1d,3,0.0119443693391921,287.0,-0.0110481859292372,-0.0720797638174109,0.0267484337503892,110.0,False,2026-05-14,,
983,59,3,303,331,0.0129410128501945,-0.0009130291224282,0.0138540419726228,-0.027047349986283,0.0542862597154368,0.0067403551688775,-0.0577639521431189,0.0646622101455369,0.494,P2_no_universe_allowlist,f_mom5d_lag,y_ret,3,0.04488024787111,489.0,-0.0066458646752185,-0.0716276395774857,0.0575951860494404,494.0,False,2026-05-14,,
1643,71,3,541,593,-0.0318865518680544,-0.0178573918827949,-0.0140291599852595,-0.055833591122744,0.0271217686801511,-0.0420995248049582,-0.0989537027698394,0.0118976295416015,0.502,P2_no_universe_allowlist,f_trade_count,y_ret,3,-0.0020059051812105,1149.0,-0.0281496057669958,-0.1343184972588274,0.0754573439545813,494.0,True,2026-05-14,,
1643,71,3,541,593,0.188539741219963,0.1669477234401349,0.0215920177798281,-0.0409549535167569,0.0844181765739309,0.0369578526542743,-0.029548182829809,0.1011519714284184,0.503,P2_no_universe_allowlist,f_trade_count,y_tp,3,0.0468012198882911,1149.0,0.0010158472165786,-0.1453677093257118,0.1252039939301787,494.0,True,2026-05-14,,
1356,69,3,452,452,0.1880530973451327,0.1703539823008849,0.0176991150442477,-0.0350796716156495,0.076993918830279,0.0175778470188814,-0.0350606673311923,0.0812516247969705,0.54,P2_no_universe_allowlist,f_prior_flow,y_tp,3,0.0231213872832369,1038.0,-0.0125,-0.141484521575985,0.1271637104180021,318.0,False,2026-05-14,,
1356,69,3,452,452,0.1703539823008849,0.1858407079646017,-0.0154867256637168,-0.0755318550639999,0.0377044238314439,-0.0227453690223295,-0.0930118530331335,0.0418309901197812,0.56,P2_no_universe_allowlist,f_prior_flow_align,y_tp,3,-0.0289017341040462,1038.0,-0.0555555555555555,-0.2021072759707577,0.0979746240601503,318.0,True,2026-05-14,,
1643,71,3,433,623,-0.0159772150855183,-0.0310096009817615,0.0150323858962432,-0.0374877721788262,0.0646267107395634,0.1178149160130077,0.0274974039000161,0.1971633021875358,0.584,P2_no_universe_allowlist,f_dte,y_ret,3,0.0455595127509257,1149.0,-0.0626684365608788,-0.1809255886822434,0.0442384968458132,494.0,False,2026-05-14,,
1356,69,3,452,452,0.0287610619469026,0.0243362831858407,0.0044247787610619,-0.013157974803678,0.0213339922873339,0.0257791160748367,-0.0116239079335917,0.0651108921183637,0.597,P2_no_universe_allowlist,f_prior_flow,y_orion_pess,3,0.0028901734104046,1038.0,0.0083333333333333,-0.0387748281130634,0.0571428571428571,318.0,True,2026-05-14,,
849,59,3,283,283,0.166077738515901,0.1908127208480565,-0.0247349823321554,-0.114291866631865,0.0697440267021752,-0.0428430533292482,-0.1328758625694725,0.0649240906899876,0.611,P2_no_universe_allowlist,f_vrp,y_tp,3,0.042016806722689,356.0,-0.0928617780661907,-0.2621048442796213,0.0734676253585243,493.0,False,2026-05-14,,
203,14,3,67,68,0.0025307644525244,-0.0035560179836399,0.0060867824361644,-0.0137440354101672,0.0341177678552497,0.0461268995313117,-0.0715714475014782,0.1655963193342361,0.611,P2_no_universe_allowlist,f_otm,y_und_return_5d,3,,,,,,,,,,
478,45,3,158,161,-0.0302768544752617,-0.0481737259613156,0.0178968714860538,-0.0477700987351497,0.1306989384074932,0.0436952443274555,-0.0726590430108669,0.1923881487939267,0.615,P2_no_universe_allowlist,f_oibuild_lag,y_ret,3,,,,,,,,,,
1356,69,3,452,452,-0.0289054374347274,-0.0172222793779638,-0.0116831580567635,-0.0798737676867306,0.0329120444441066,-0.0042372620829615,-0.1064865203615205,0.074857813390596,0.626,P2_no_universe_allowlist,f_prior_flow_align,y_ret,3,-0.0039346440184223,1038.0,-0.0748559291378763,-0.23504188206531,0.0578304273990562,318.0,True,2026-05-14,,
926,58,3,309,313,0.1909385113268608,0.1725239616613418,0.018414549665519,-0.0540281882713559,0.0988655575291028,0.0130922892514448,-0.0581317085623087,0.0839582842377719,0.634,P2_no_universe_allowlist,f_tox_lag,y_tp,3,0.0840121136173767,432.0,-0.008080808080808,-0.117439270104704,0.0757419632996228,494.0,False,2026-05-14,,
478,45,3,159,161,0.1698113207547169,0.1987577639751552,-0.0289464432204382,-0.1385498150586357,0.0934970528371233,-0.0468488972712984,-0.1651793673410295,0.0751540963408668,0.647,P2_no_universe_allowlist,f_oimom_lag,y_tp,3,,,,,,,,,,
1252,55,3,417,418,-0.0040242327803106,-0.0143804142601811,0.0103561814798704,-0.0375619721143615,0.0529056847870175,-0.0049840659809627,-0.0680732477189513,0.0589569055844133,0.65,P2_no_universe_allowlist,f_maxpain_dist,y_ret,3,-0.0164785384469577,761.0,0.002534474303914,-0.0863444401509334,0.0966750761345861,491.0,False,2026-05-14,,
1137,67,3,379,379,0.0290237467018469,0.021108179419525,0.0079155672823219,-0.0215434782608695,0.0388492735036645,0.0224695995132871,-0.057222267615265,0.0938784598701662,0.659,P2_no_universe_allowlist,f_iv,y_orion_opt,3,0.0135105204872646,643.0,-0.007792733528995,-0.0406912167807286,0.0215133085944658,494.0,False,2026-05-14,,
1137,67,3,379,379,0.0290237467018469,0.021108179419525,0.0079155672823219,-0.0215434782608695,0.0388492735036645,0.0224695995132871,-0.057222267615265,0.0938784598701662,0.659,P2_no_universe_allowlist,f_iv,y_orion_pess,3,0.0135105204872646,643.0,-0.007792733528995,-0.0406912167807286,0.0215133085944658,494.0,False,2026-05-14,,
999,61,3,333,336,0.1681681681681681,0.1845238095238095,-0.0163556413556413,-0.0917052272589628,0.0634160267130808,-0.0036228869326474,-0.0880235483214692,0.090417017710262,0.659,P2_no_universe_allowlist,f_und_5d,y_tp,3,0.0080828133862733,505.0,-0.0323348826533539,-0.1272016557176686,0.0570260924724659,494.0,False,2026-05-14,,
1252,55,3,417,418,0.0191846522781774,0.0239234449760765,-0.004738792697899,-0.0332269746875229,0.0139966020843854,-0.0184855531554654,-0.0881970889414005,0.0412500152667717,0.663,P2_no_universe_allowlist,f_maxpain_dist,y_orion_opt,3,-0.0157480314960629,761.0,0.0223463687150838,0.0109086947910477,0.0348033613833385,491.0,False,2026-05-14,,
1252,55,3,417,418,0.0191846522781774,0.0239234449760765,-0.004738792697899,-0.0332269746875229,0.0139966020843854,-0.0184855531554654,-0.0881970889414005,0.0412500152667717,0.663,P2_no_universe_allowlist,f_maxpain_dist,y_orion_pess,3,-0.0157480314960629,761.0,0.0223463687150838,0.0109086947910477,0.0348033613833385,491.0,False,2026-05-14,,
1356,69,3,452,452,-0.0165857472751543,-0.0255673827323802,0.0089816354572258,-0.0298012655407815,0.0456273318688754,0.0067582856590756,-0.059366159478623,0.0669900448941586,0.665,P2_no_universe_allowlist,f_prior_flow,y_ret,3,0.0182070643459084,1038.0,-0.02007575611991,-0.1310365811371383,0.0491474375650077,318.0,False,2026-05-14,,
478,45,3,159,161,-0.0093809639897063,-0.0303425707445361,0.0209616067548298,-0.0645388936519732,0.1314995163243878,0.0268227250358903,-0.0758215143873565,0.1610183777382826,0.67,P2_no_universe_allowlist,f_oimom_lag,y_ret,3,,,,,,,,,,
926,58,2,257,669,0.1750972762645914,0.1988041853512705,-0.0237069090866791,-0.1059262939374543,0.1473233434195304,-0.046355394840317,-0.1522169875847299,0.0753264006419545,0.675,P2_no_universe_allowlist,f_mktgex_lag,y_tp,3,,,,,,,,,,
402,27,3,134,134,0.0014333179374809,0.0036538629247477,-0.0022205449872667,-0.0181516404474956,0.0079596774054576,-0.0784198405244894,-0.2698986784966436,0.0737425185907803,0.689,P2_no_universe_allowlist,f_logmoney,y_und_return_1d,3,0.0037331605025953,289.0,-0.0172873990840834,-0.0366821867790264,0.0161069936588628,113.0,False,2026-05-14,,
1356,69,3,440,455,-0.0064845780705803,-0.0147403413566961,0.0082557632861158,-0.0421344517722389,0.063039188093377,0.01905183250179,-0.0776081743602459,0.1181627194053664,0.703,P2_no_universe_allowlist,f_prior_cnt,y_ret,3,0.0049173135440257,1038.0,0.0750725019663236,-0.0343728462944954,0.2481412803314706,318.0,True,2026-05-14,,
999,61,3,333,336,-0.0097092643521751,-0.0010052703250381,-0.008703994027137,-0.0478056627740564,0.0384580247922131,-0.043661808002079,-0.1079467006001496,0.0307145011276721,0.717,P2_no_universe_allowlist,f_und_5d,y_ret,3,-0.032116140181775,505.0,0.001387633541891,-0.0647762951753657,0.0594789312384816,494.0,False,2026-05-14,,
1137,67,3,379,379,-0.0177520542477214,-0.0240909922769389,0.0063389380292175,-0.0320306539101761,0.0501796702530937,0.034260183685032,-0.0200268603175197,0.102026813348554,0.722,P2_no_universe_allowlist,f_iv,y_ret,3,-0.0083487544167904,643.0,0.0176513216118665,-0.0344813281417465,0.092842190105275,494.0,False,2026-05-14,,
277,11,3,87,93,0.0229885057471264,0.0,0.0229885057471264,0.0,0.0601617680565048,0.0585693387041558,-0.054300475311681,0.1189267324403352,0.723,P2_no_universe_allowlist,f_ts_slope_lag,y_orion_opt,3,,,,,,,,,,
277,11,3,87,93,0.0229885057471264,0.0,0.0229885057471264,0.0,0.0601617680565048,0.0585693387041558,-0.054300475311681,0.1189267324403352,0.723,P2_no_universe_allowlist,f_ts_slope_lag,y_orion_pess,3,,,,,,,,,,
848,58,3,279,284,0.1971326164874552,0.2112676056338028,-0.0141349891463476,-0.0958748178837195,0.0565429766430323,0.0017333009526232,-0.0744474824904486,0.0793778783969091,0.725,P2_no_universe_allowlist,f_mom20d_lag,y_tp,3,-0.072135593220339,355.0,0.0004394638540979,-0.0871403994941229,0.0695171384826355,493.0,False,2026-05-14,,
296,26,3,98,99,0.0005160568378431,-0.0007868319644728,0.0013028888023159,-0.009669308413615,0.0094778782384567,-0.0020222861134147,-0.0842637872654898,0.1124663914845932,0.728,P2_no_universe_allowlist,f_abs_delta,y_und_return_1d,3,,,,,,,,,,
995,61,3,332,333,0.0301204819277108,0.024024024024024,0.0060964579036868,-0.0292742845391807,0.0398020733470332,0.0112953468557985,-0.0588573609159225,0.0838255734295829,0.739,P2_no_universe_allowlist,f_und_30d,y_orion_opt,3,0.0102813852813852,505.0,-0.0015745406046235,-0.0382104085283434,0.0363770546796376,490.0,False,2026-05-14,,
995,61,3,332,333,0.0301204819277108,0.024024024024024,0.0060964579036868,-0.0292742845391807,0.0398020733470332,0.0112953468557985,-0.0588573609159225,0.0838255734295829,0.739,P2_no_universe_allowlist,f_und_30d,y_orion_pess,3,0.0102813852813852,505.0,-0.0015745406046235,-0.0382104085283434,0.0363770546796376,490.0,False,2026-05-14,,
983,59,3,303,331,0.0363036303630363,0.0302114803625377,0.0060921500004985,-0.0290249740946234,0.037539066075513,0.001067450440171,-0.0746945403732648,0.0773034544285683,0.739,P2_no_universe_allowlist,f_mom5d_lag,y_orion_opt,3,0.0220501993901008,489.0,-0.0222876538666012,-0.0646422468865935,0.0091693263385815,494.0,False,2026-05-14,,
983,59,3,303,331,0.0363036303630363,0.0302114803625377,0.0060921500004985,-0.0290249740946234,0.037539066075513,0.001067450440171,-0.0746945403732648,0.0773034544285683,0.739,P2_no_universe_allowlist,f_mom5d_lag,y_orion_pess,3,0.0220501993901008,489.0,-0.0222876538666012,-0.0646422468865935,0.0091693263385815,494.0,False,2026-05-14,,
849,59,3,283,283,-0.0108317128290535,-0.0002914096398539,-0.0105403031891995,-0.0573141561332676,0.0516741671519172,-0.0239980887734785,-0.0926174186851694,0.0658740812962838,0.744,P2_no_universe_allowlist,f_vrp,y_ret,3,0.023702996244105,356.0,-0.021547544565434,-0.1022470869716256,0.0787712245073127,493.0,False,2026-05-14,,
1252,55,3,417,418,0.1798561151079136,0.1913875598086124,-0.0115314447006987,-0.0971575688193271,0.0541534970969156,-0.017576728814416,-0.1073222506796618,0.0553374934121381,0.753,P2_no_universe_allowlist,f_maxpain_dist,y_tp,3,0.0157480314960629,761.0,-0.0941852230702651,-0.2598820769440073,0.0561950069011917,491.0,False,2026-05-14,,
999,61,3,331,333,-0.002613604197635,0.0085304397432784,-0.0111440439409135,-0.0687122113804305,0.0585261878528431,-0.0701699263153156,-0.1487018876212408,0.0185384111492561,0.769,P2_no_universe_allowlist,f_und_1d,y_ret,3,0.0040738721502319,505.0,-0.0529498562571821,-0.1492635499684928,0.0386213332357497,494.0,False,2026-05-14,,
848,58,3,283,285,-0.0142142411418013,-0.0027060859758769,-0.0115081551659244,-0.0993517322269533,0.0699669029726232,0.004981181934974,-0.1416028083185464,0.1528104231891181,0.771,P2_no_universe_allowlist,f_hujacobs_lag,y_ret,3,-0.0269532726228648,355.0,-0.0137690789490995,-0.1423165939152256,0.0949902584652337,493.0,True,2026-05-14,,
819,57,3,271,273,-0.017229918276013,-0.0086597066537558,-0.0085702116222571,-0.0686329288316269,0.0559096100196725,-0.0088753706521632,-0.0780162159430638,0.0749469535465427,0.78,P2_no_universe_allowlist,f_osiv_lag,y_ret,3,0.0228020451676541,354.0,0.0216402983742199,-0.0428905354557524,0.1058968443796187,465.0,True,2026-05-14,,
402,27,3,134,134,0.0007732749207129,-0.0004447884227409,0.0012180633434539,-0.0101217238553456,0.0187751013851137,0.0036794288000485,-0.1367395038026105,0.2057541624974322,0.783,P2_no_universe_allowlist,f_log_prem,y_und_return_1d,3,0.0063802042789394,289.0,-0.0114255429749154,-0.0248801579768884,0.0123477827332562,113.0,False,2026-05-14,,
1356,69,3,452,452,0.0243362831858407,0.0265486725663716,-0.0022123893805309,-0.0231800036431333,0.0150983101139824,0.0072624116163999,-0.0443140190663602,0.0484889724420594,0.792,P2_no_universe_allowlist,f_prior_flow_align,y_orion_pess,3,0.0,1038.0,-0.015079365079365,-0.0769230769230769,0.0432744565217391,318.0,False,2026-05-14,,
926,58,2,257,669,-0.0006840965535476,-0.005349347721663,0.0046652511681153,-0.0382249938327955,0.0793640462899504,0.0009320224294995,-0.0894427683068372,0.1079549099613443,0.794,P2_no_universe_allowlist,f_mktgex_lag,y_ret,3,,,,,,,,,,
998,61,3,333,333,-0.0057448490735425,-0.0123305332253765,0.006585684151834,-0.0461507338191099,0.0653028763365509,-0.0123394517487424,-0.0815900410721821,0.0775879026673894,0.801,P2_no_universe_allowlist,f_rv20,y_ret,3,0.0144040071403561,505.0,0.0208130506792508,-0.0437219333639516,0.1303008008693647,493.0,True,2026-05-14,,
203,14,3,42,87,0.00636798795347,0.0076308355864284,-0.0012628476329584,-0.0306867337600675,0.025597450699013,0.0525649386664799,-0.1565556629118221,0.1372791390729036,0.802,P2_no_universe_allowlist,f_dte,y_und_return_5d,3,,,,,,,,,,
203,14,3,68,68,0.0103817180684069,0.0068532942249299,0.003528423843477,-0.0230040606177098,0.0506783883246154,-0.0807819801758584,-0.2533899072654945,0.1892178997432341,0.812,P2_no_universe_allowlist,f_logmoney,y_und_return_5d,3,,,,,,,,,,
995,61,3,332,333,-0.0072750328525041,0.0006582709095391,-0.0079333037620432,-0.0636146540499559,0.0526280078212874,-0.0576466195599238,-0.1385634567251386,0.0303118010979065,0.822,P2_no_universe_allowlist,f_und_30d,y_ret,3,0.0124737047699755,505.0,-0.0129573296219826,-0.0716835317258769,0.0669382565033466,490.0,False,2026-05-14,,
478,45,3,158,161,0.1518987341772152,0.1739130434782608,-0.0220143093010456,-0.109102550665499,0.123958333333333,-0.040291258580683,-0.1551451012292233,0.100988437369086,0.823,P2_no_universe_allowlist,f_oibuild_lag,y_tp,3,,,,,,,,,,
848,58,3,283,294,0.1908127208480565,0.1972789115646258,-0.0064661907165693,-0.0766290016359686,0.0660777283307047,0.003577238136265,-0.0662381670500772,0.0793851901189594,0.835,P2_no_universe_allowlist,f_vol20_lag,y_tp,3,0.0733318968613086,355.0,0.0053475935828876,-0.0856976261848568,0.1355671045201937,493.0,True,2026-05-14,,
819,57,3,271,304,0.1586715867158671,0.1644736842105263,-0.0058020974946591,-0.0848867302779857,0.0831143901960538,-0.0074687542702376,-0.0860674400510114,0.0750214441523454,0.869,P2_no_universe_allowlist,f_osivrank_lag,y_tp,3,-0.0397022332506203,354.0,0.01375,-0.0673626542009028,0.1028686238651375,465.0,False,2026-05-14,,
1643,71,3,541,551,-0.0166780330452736,-0.0190687730453189,0.0023907400000453,-0.0467276887592054,0.0490018389459678,-0.0150830487086904,-0.0877302206948069,0.0590495989982242,0.889,P2_no_universe_allowlist,f_minutes_close,y_ret,3,0.0150764272306449,1149.0,-0.0257893309624984,-0.1189377643955855,0.0701065602197106,494.0,False,2026-05-14,,
402,27,3,134,134,0.0016697667354876,0.0010669773661982,0.0006027893692893,-0.0074460431730185,0.0145025841642328,-0.0087058786953129,-0.106650869581296,0.1256395833117912,0.908,P2_no_universe_allowlist,f_otm,y_und_return_1d,3,-0.0004044301536271,289.0,0.0019628972141815,-0.0208782966468445,0.0439108008542897,113.0,False,2026-05-14,,
988,59,2,27,961,0.037037037037037,0.0291363163371488,0.0079007206998882,-0.0414312617702448,0.1201257594027405,-0.0639722046225792,-0.2084996165796883,0.0877072120101316,0.908,P2_no_universe_allowlist,f_gamma_lag,y_orion_opt,3,,,,,,,,,,
988,59,2,27,961,0.037037037037037,0.0291363163371488,0.0079007206998882,-0.0414312617702448,0.1201257594027405,-0.0639722046225792,-0.2084996165796883,0.0877072120101316,0.908,P2_no_universe_allowlist,f_gamma_lag,y_orion_pess,3,,,,,,,,,,
1643,71,3,547,551,-0.0186920967775506,-0.0173910595176814,-0.0013010372598692,-0.0510307921379392,0.0493611112177961,0.0151358043702559,-0.0594239767348352,0.0873378286507736,0.912,P2_no_universe_allowlist,f_minutes_open,y_ret,3,-0.0150764272306449,1149.0,0.0257893309624984,-0.0701065602197106,0.1189377643955855,494.0,False,2026-05-14,,
203,14,3,68,68,-1.3543198090481774e-05,0.0015687621964395,-0.0015823053945299,-0.0335861650572917,0.0179629002577602,0.020311945902629,-0.1519407054730851,0.2098290732566409,0.935,P2_no_universe_allowlist,f_minutes_open,y_und_return_5d,3,,,,,,,,,,
203,14,3,68,68,0.0015687621964395,-1.3543198090481774e-05,0.0015823053945299,-0.0179629002577602,0.0335861650572917,-0.0201681649938482,-0.2083323052378403,0.1547831740695749,0.935,P2_no_universe_allowlist,f_minutes_close,y_und_return_5d,3,,,,,,,,,,
998,61,3,323,341,-8.845056676322165e-05,0.0026691128638143,-0.0027575634305776,-0.0892651316238389,0.0772778138449867,0.0236237461865159,-0.1282310697220033,0.1660149683124703,0.937,P2_no_universe_allowlist,f_hujacobs,y_ret,3,0.0391625074361308,505.0,-0.0227978332888259,-0.1498044715962038,0.0865805305310866,493.0,False,2026-05-14,,
998,61,3,333,333,0.1771771771771771,0.1801801801801801,-0.0030030030030029,-0.0785686838369262,0.0769342466700791,-0.0109900159368114,-0.0865724339697756,0.0728036508649509,0.938,P2_no_universe_allowlist,f_rv20,y_tp,3,0.0216962524654832,505.0,-0.0420574026712134,-0.1308847170154381,0.0769443621976559,493.0,False,2026-05-14,,
1356,69,3,440,455,0.1863636363636363,0.1846153846153846,0.0017482517482517,-0.0858225485821212,0.0838803594055365,-0.0031636643827722,-0.0940902073877288,0.0833175894346411,0.954,P2_no_universe_allowlist,f_prior_cnt,y_tp,3,-0.0031517452136134,1038.0,-0.0598173515981735,-0.2064778777123497,0.2311252713477253,318.0,True,2026-05-14,,
1356,69,3,440,455,0.025,0.0241758241758241,0.0008241758241758,-0.0257131798512801,0.0305283744308529,-0.0056422037739228,-0.0727538010595607,0.0597542050442952,0.964,P2_no_universe_allowlist,f_prior_cnt,y_orion_pess,3,-0.0070174216634597,1038.0,0.019634703196347,-0.0304453161052145,0.1129541873963515,318.0,False,2026-05-14,,
999,61,3,331,333,0.1903323262839879,0.1891891891891892,0.0011431370947987,-0.0888044932326093,0.1113715009963517,-0.0181234468197861,-0.1251882629327048,0.0940574491746644,0.97,P2_no_universe_allowlist,f_und_1d,y_tp,3,0.0554761904761904,505.0,-0.0393463898065125,-0.1435837525868097,0.0983205236112654,494.0,False,2026-05-14,,
999,61,3,331,333,0.0332326283987915,0.033033033033033,0.0001995953657585,-0.0308002312290701,0.045377716168882,-0.0246454104721799,-0.1041170455462402,0.0639880139058699,0.974,P2_no_universe_allowlist,f_und_1d,y_orion_opt,3,0.0273809523809523,505.0,-0.0200566304860783,-0.051607002997378,0.0301797135763494,494.0,False,2026-05-14,,
999,61,3,331,333,0.0332326283987915,0.033033033033033,0.0001995953657585,-0.0308002312290701,0.045377716168882,-0.0246454104721799,-0.1041170455462402,0.0639880139058699,0.974,P2_no_universe_allowlist,f_und_1d,y_orion_pess,3,0.0273809523809523,505.0,-0.0200566304860783,-0.051607002997378,0.0301797135763494,494.0,False,2026-05-14,,
345,20,3,115,115,0.0026134233763967,0.0012543379512099,0.0013590854251868,-0.0164846750101621,0.0097872117330849,0.055321726537034,-0.1161589038280408,0.1570170367137863,0.975,P2_no_universe_allowlist,f_maxpain_dist,y_und_return_1d,3,0.0021568914266257,234.0,-0.0095324107533741,-0.0416865791697297,0.0142714663093253,111.0,False,2026-05-14,,
999,61,3,333,336,0.024024024024024,0.0238095238095238,0.0002145002145002,-0.0270873043764604,0.0276679898700375,-0.000640946077716,-0.0616312124675777,0.0648221849478991,1.0,P2_no_universe_allowlist,f_und_5d,y_orion_opt,3,0.0102098695405558,505.0,-0.0055947667412635,-0.0387787965271206,0.0231788202559346,494.0,False,2026-05-14,,
999,61,3,333,336,0.024024024024024,0.0238095238095238,0.0002145002145002,-0.0270873043764604,0.0276679898700375,-0.000640946077716,-0.0616312124675777,0.0648221849478991,1.0,P2_no_universe_allowlist,f_und_5d,y_orion_pess,3,0.0102098695405558,505.0,-0.0055947667412635,-0.0387787965271206,0.0231788202559346,494.0,False,2026-05-14,,
848,58,3,279,284,0.025089605734767,0.0246478873239436,0.0004417184108233,-0.0342973005590188,0.0287958379028885,-0.0091439137727262,-0.0802115585503794,0.051699670578995,1.0,P2_no_universe_allowlist,f_mom20d_lag,y_orion_opt,3,0.0145762711864406,355.0,-0.010327400571303,-0.0430639350058739,0.0155362076020408,493.0,False,2026-05-14,,
848,58,3,279,284,0.025089605734767,0.0246478873239436,0.0004417184108233,-0.0342973005590188,0.0287958379028885,-0.0091439137727262,-0.0802115585503794,0.051699670578995,1.0,P2_no_universe_allowlist,f_mom20d_lag,y_orion_pess,3,0.0145762711864406,355.0,-0.010327400571303,-0.0430639350058739,0.0155362076020408,493.0,False,2026-05-14,,
359,27,3,118,120,-0.0021883946447877,-0.0015503612356464,-0.0006380334091413,-0.0158996322955669,0.0146242335652836,-0.0452025811937489,-0.2007335982922429,0.0918598820013235,1.0,P2_no_universe_allowlist,f_prior_cnt,y_und_return_1d,3,,,,,,,,,,
3260,74,5,652,653,0.0452220231376283,-0.0717969604177199,0.1170189835553483,0.0760132990629257,0.1696214387698414,0.2135952428338257,0.1619715133911261,0.2742485528806057,0.001,P3_no_premium_floor,f_abs_delta,y_ret,5,0.1114821642295959,2063.0,0.1264455922820801,0.0800397859437971,0.1712505303291717,1197.0,True,2026-05-21,,
4348,78,5,782,1520,0.129156010230179,0.2355263157894737,-0.1063703055592946,-0.1547588136369992,-0.0635772884091618,-0.104463388382623,-0.1475332610003298,-0.0646503903218288,0.001,P3_no_premium_floor,f_dte,y_tp,5,-0.1048065473869208,3151.0,-0.1552082611407582,-0.3217579845247165,-0.069500161637931,1197.0,True,2026-05-21,,
4348,78,5,782,1520,0.0051150895140664,0.0414473684210526,-0.0363322789069861,-0.0610471451475505,-0.0190952484133098,-0.1012209383602667,-0.1390520727833514,-0.062237133456158,0.001,P3_no_premium_floor,f_dte,y_orion_opt,5,-0.0657208521170334,3151.0,-0.0295238755284496,-0.07220842721854,0.0074789101687186,1197.0,True,2026-05-21,,
4348,78,5,782,1520,0.0051150895140664,0.0414473684210526,-0.0363322789069861,-0.0610471451475505,-0.0190952484133098,-0.1012209383602667,-0.1390520727833514,-0.062237133456158,0.001,P3_no_premium_floor,f_dte,y_orion_pess,5,-0.0657208521170334,3151.0,-0.0295238755284496,-0.07220842721854,0.0074789101687186,1197.0,True,2026-05-21,,
4348,78,5,870,870,0.0333333333333333,0.0114942528735632,0.0218390804597701,0.0064678947799019,0.0401180710848253,0.0428409223488813,0.0120050138287303,0.0760292382133711,0.003,P3_no_premium_floor,f_otm,y_orion_opt,5,0.0237566976077277,3151.0,0.0178806700545831,-0.0052514665041332,0.0410501421372159,1197.0,True,2026-05-21,,
4348,78,5,870,870,0.0333333333333333,0.0114942528735632,0.0218390804597701,0.0064678947799019,0.0401180710848253,0.0428409223488813,0.0120050138287303,0.0760292382133711,0.003,P3_no_premium_floor,f_otm,y_orion_pess,5,0.0237566976077277,3151.0,0.0178806700545831,-0.0052514665041332,0.0410501421372159,1197.0,True,2026-05-21,,
312,29,5,63,63,0.0293491362698834,-0.0029049800325711,0.0322541163024546,0.0091655303075054,0.0764276767146827,0.1239620991466677,-0.0172980822466055,0.283622803307666,0.005,P3_no_premium_floor,f_rv20,y_und_return_1d,5,,,,,,,,,,
4274,78,5,855,855,0.0350877192982456,0.0128654970760233,0.0222222222222222,0.005109985806584,0.0420070067675026,0.0378905308380364,0.0027111601589942,0.0729618352687436,0.006,P3_no_premium_floor,f_vol_oi,y_orion_opt,5,0.0257856063369638,3098.0,0.0119261656478484,-0.0104114663338453,0.0437386432646046,1176.0,True,2026-05-21,,
4274,78,5,855,855,0.0350877192982456,0.0128654970760233,0.0222222222222222,0.005109985806584,0.0420070067675026,0.0378905308380364,0.0027111601589942,0.0729618352687436,0.006,P3_no_premium_floor,f_vol_oi,y_orion_pess,5,0.0257856063369638,3098.0,0.0119261656478484,-0.0104114663338453,0.0437386432646046,1176.0,True,2026-05-21,,
4348,78,5,816,973,0.0392156862745098,0.0184994861253854,0.0207162001491243,0.0052811939668617,0.0375977996948212,0.0415228589092346,0.0118429897872213,0.0700568392115753,0.007,P3_no_premium_floor,f_trade_count,y_orion_opt,5,0.0139711254591197,3151.0,0.0185469037400367,-0.0097424167858484,0.0547269025508249,1197.0,True,2026-05-21,,
4348,78,5,816,973,0.0392156862745098,0.0184994861253854,0.0207162001491243,0.0052811939668617,0.0375977996948212,0.0415228589092346,0.0118429897872213,0.0700568392115753,0.007,P3_no_premium_floor,f_trade_count,y_orion_pess,5,0.0139711254591197,3151.0,0.0185469037400367,-0.0097424167858484,0.0547269025508249,1197.0,True,2026-05-21,,
4348,78,5,870,870,0.1954022988505747,0.1379310344827586,0.0574712643678161,0.0147313596703049,0.1011127783941354,0.0391013091910738,0.0058278431138206,0.0727933072743407,0.008,P3_no_premium_floor,f_otm,y_tp,5,0.0409755238598344,3151.0,0.0947910784867306,0.0050528199432308,0.1699938250479797,1197.0,True,2026-05-21,,
2628,65,2,69,2559,0.1112745562332854,-0.004217313871719,0.1154918701050044,0.0304988016295379,0.2168192226939498,0.0251131849585663,-0.0095335638877716,0.0623565520185389,0.008,P3_no_premium_floor,f_gamma_lag,y_ret,5,,1455.0,-0.0143727196600802,-0.0947473388377365,0.0986508021268279,1173.0,False,2026-05-21,,
4348,78,5,858,874,0.2319347319347319,0.1578947368421052,0.0740399950926266,0.017918217570742,0.1459932448682905,0.0647222392643802,0.0129920851450574,0.1260050304275265,0.011,P3_no_premium_floor,f_minutes_close,y_tp,5,0.0483070421150916,3151.0,0.1446798639034952,0.0563359877987114,0.3078404924141545,1197.0,True,2026-05-21,,
4348,78,5,859,891,0.1571594877764842,0.2300785634118967,-0.0729190756354124,-0.1440732768250669,-0.0165943601010153,-0.0646507954757807,-0.1259869651526961,-0.012910579560582,0.014,P3_no_premium_floor,f_minutes_open,y_tp,5,-0.0505161432022842,3151.0,-0.1389019607843137,-0.3009299776077626,-0.0567707939017173,1197.0,True,2026-05-21,,
2717,67,5,544,552,0.0091911764705882,0.0380434782608695,-0.0288523017902813,-0.0575143905612073,-0.0050295624623882,-0.0620672699465727,-0.1163982739367796,-0.0055459894661824,0.015,P3_no_premium_floor,f_und_1d,y_orion_opt,5,-0.0231768145854833,1520.0,-0.0190410075866514,-0.0643383942837419,0.0346238485457775,1197.0,True,2026-05-21,,
2717,67,5,544,552,0.0091911764705882,0.0380434782608695,-0.0288523017902813,-0.0575143905612073,-0.0050295624623882,-0.0620672699465727,-0.1163982739367796,-0.0055459894661824,0.015,P3_no_premium_floor,f_und_1d,y_orion_pess,5,-0.0231768145854833,1520.0,-0.0190410075866514,-0.0643383942837419,0.0346238485457775,1197.0,True,2026-05-21,,
285,28,5,57,57,0.0311885746567073,-0.0020285160786814,0.0332170907353887,0.0061578847863806,0.0707719702661445,0.0954148637616544,-0.0684667540444889,0.2486428290510306,0.016,P3_no_premium_floor,f_vol20_lag,y_und_return_1d,5,,,,,,,,,,
312,29,5,61,63,0.0202272379984352,-0.0023038550878559,0.0225310930862912,0.0052351410839714,0.0805179875267916,0.0959443795545159,-0.0643155215624407,0.2500514618648177,0.016016016016016,P3_no_premium_floor,f_und_1d,y_und_return_1d,5,,,,,,,,,,
4348,78,5,870,870,0.0333333333333333,0.0114942528735632,0.0218390804597701,0.0036741756497155,0.041801144543441,0.0465320629990708,0.0025124104528062,0.0850266947134219,0.019,P3_no_premium_floor,f_logmoney,y_orion_opt,5,0.0189194220281338,3151.0,0.028309963099631,0.0018732219077277,0.0552283172409213,1197.0,True,2026-05-21,,
4348,78,5,870,870,0.0333333333333333,0.0114942528735632,0.0218390804597701,0.0036741756497155,0.041801144543441,0.0465320629990708,0.0025124104528062,0.0850266947134219,0.019,P3_no_premium_floor,f_logmoney,y_orion_pess,5,0.0189194220281338,3151.0,0.028309963099631,0.0018732219077277,0.0552283172409213,1197.0,True,2026-05-21,,
2717,67,5,536,544,0.2220149253731343,0.1268382352941176,0.0951766900790166,0.0149168005910668,0.1776296239616867,0.0539956860929656,-0.0075710349746697,0.1170096147930648,0.02,P3_no_premium_floor,f_mom_align_5d,y_tp,5,0.123172514619883,1520.0,0.0826791002457312,0.0059933653178161,0.2173123125503436,1197.0,True,2026-05-21,,
2350,65,5,464,470,0.0086206896551724,0.0361702127659574,-0.027549523110785,-0.056868471119629,-0.0026470462442531,-0.0617863269316706,-0.1168743577857849,0.0003095341321641,0.022,P3_no_premium_floor,f_hujacobs_lag,y_orion_opt,5,-0.0355950240358152,1160.0,-0.0173150604185086,-0.0458638147642625,0.0070955494075203,1190.0,True,2026-05-21,,
2350,65,5,464,470,0.0086206896551724,0.0361702127659574,-0.027549523110785,-0.056868471119629,-0.0026470462442531,-0.0617863269316706,-0.1168743577857849,0.0003095341321641,0.022,P3_no_premium_floor,f_hujacobs_lag,y_orion_pess,5,-0.0355950240358152,1160.0,-0.0173150604185086,-0.0458638147642625,0.0070955494075203,1190.0,True,2026-05-21,,
4348,78,3,2609,870,0.1678804139517056,0.2137931034482758,-0.0459126894965702,-0.0868829995002023,-0.0056002626131963,-0.0502905377437988,-0.0897626392941751,-0.0108290178398499,0.029,P3_no_premium_floor,f_ask_share,y_tp,5,-0.0623706893837794,3151.0,-0.0049643548794521,-0.0964915437931694,0.0659674030576124,1197.0,True,2026-05-21,,
236,25,5,44,49,0.0220499994707859,-0.0003612795078472,0.0224112789786331,0.0020954484235621,0.0899443096647647,0.075310795947261,-0.0721156108345782,0.2611092176223161,0.031031031031031,P3_no_premium_floor,f_osiv_lag,y_und_return_1d,5,,,,,,,,,,
2717,67,5,536,544,0.0261194029850746,0.0091911764705882,0.0169282265144863,0.0004683322060315,0.0328294811092619,0.0210645457195932,-0.0295801399578353,0.0660642669768307,0.045,P3_no_premium_floor,f_mom_align_5d,y_orion_opt,5,0.0326152390780873,1520.0,0.0095142083044546,-0.0040651409595134,0.0250517937215793,1197.0,True,2026-05-21,,
2717,67,5,536,544,0.0261194029850746,0.0091911764705882,0.0169282265144863,0.0004683322060315,0.0328294811092619,0.0210645457195932,-0.0295801399578353,0.0660642669768307,0.045,P3_no_premium_floor,f_mom_align_5d,y_orion_pess,5,0.0326152390780873,1520.0,0.0095142083044546,-0.0040651409595134,0.0250517937215793,1197.0,True,2026-05-21,,
849,32,5,165,189,-0.001952287783473,0.0107328696213913,-0.0126851574048644,-0.0362832509924047,-0.000152940218731,-0.070830456287798,-0.1819524751680958,-0.0054966656258398,0.047,P3_no_premium_floor,f_trade_count,y_und_return_1d,5,-0.0090832727573966,667.0,-0.0379685959678817,-0.0710425261256097,-0.0132644122137663,182.0,True,2026-05-21,,
2597,65,5,520,523,0.1403846153846153,0.2026768642447418,-0.0622922488601264,-0.1300067125679622,-0.0010177150363371,-0.0361606402859146,-0.0820728275063523,0.010232128753639,0.048,P3_no_premium_floor,f_mom5d_lag,y_tp,5,-0.1147027132921932,1405.0,0.0065469728601252,-0.0782912499246944,0.0898364172056217,1192.0,False,2026-05-21,,
310,28,2,47,263,-0.0132807219178325,0.0063411358157785,-0.0196218577336111,-0.0456512736691583,9.875920532765028e-05,-0.0392883414587681,-0.2031784631151423,0.1014578498632152,0.055,P3_no_premium_floor,f_mktgex_lag,y_und_return_1d,5,,,,,,,,,,
308,28,5,62,62,0.0045185890672026,-0.0105029594144733,0.015021548481676,-0.0003746583302916,0.0341686311757208,0.0189387027949662,-0.1431988103902928,0.1278953627736806,0.057,P3_no_premium_floor,f_vrp,y_und_return_1d,5,,,,,,,,,,
285,28,5,57,61,-0.005160857366288,0.0256959685901053,-0.0308568259563934,-0.0918605978510077,0.0008446447744864,-0.0825836262211751,-0.3111672493676059,0.1259537121380346,0.0571142284569138,P3_no_premium_floor,f_mom20d_lag,y_und_return_1d,5,,,,,,,,,,
3596,59,5,719,720,0.0108252678386763,-0.0233134642771571,0.0341387321158335,-0.0035134490046799,0.0729280686269051,0.0358879338234969,-0.0147501493262158,0.0918317427293751,0.069,P3_no_premium_floor,f_iv_rank,y_ret,5,-0.0008131869196579,2406.0,0.055984124177533,-0.0075483722370354,0.1124632598128946,1190.0,False,2026-05-21,,
765,32,5,153,153,0.0058490382433067,-0.0011804514857826,0.0070294897290894,-0.0005972813114534,0.0350396087146362,0.0601166445506325,0.0120087946419844,0.1809185328281845,0.077,P3_no_premium_floor,f_prior_flow_align,y_und_return_1d,5,0.0037193337335434,632.0,0.0503805224328853,0.0158902482790758,0.1072307035934107,133.0,True,2026-05-21,,
4348,78,5,870,870,0.1988505747126436,0.1436781609195402,0.0551724137931034,-0.0063696792494996,0.1174726991249742,0.0466033955335663,-0.0169132878369313,0.1146135448975142,0.091,P3_no_premium_floor,f_logmoney,y_tp,5,0.0705610673965104,3151.0,0.0176383763837638,-0.0756678812589415,0.1247988905072308,1197.0,True,2026-05-21,,
310,29,5,62,62,0.0107338727877955,-0.0124878927295688,0.0232217655173643,-0.0049912607045642,0.0793105856188529,0.0872914336952781,-0.049456568614718,0.3325998765128147,0.098,P3_no_premium_floor,f_und_30d,y_und_return_1d,5,,,,,,,,,,
3633,78,5,727,727,0.0247592847317744,0.0137551581843191,0.0110041265474552,-0.0022870687071366,0.0253074832248078,0.0284147171215638,0.0022641434955231,0.0558654699759793,0.106,P3_no_premium_floor,f_prior_flow,y_orion_pess,5,0.0069324090121317,2885.0,0.0441176470588235,0.0,0.1739130434782608,748.0,True,2026-05-21,,
3260,74,5,650,652,0.0087373265577574,-0.0248895432848522,0.0336268698426096,-0.0071332950461863,0.0758213075425845,0.0188359481830948,-0.0278208105578357,0.0710080388610969,0.108,P3_no_premium_floor,f_iv,y_ret,5,0.0418382336462789,2063.0,0.0189344027417295,-0.0386503879180125,0.0862311398311422,1197.0,True,2026-05-21,,
3260,74,5,652,653,0.1978527607361963,0.1485451761102603,0.0493075846259359,-0.0090957198332667,0.1238845327341959,0.0601160084817165,0.0123467448591178,0.1233538210296545,0.108,P3_no_premium_floor,f_abs_delta,y_tp,5,0.072639225181598,2063.0,0.0259127062196115,-0.0435133623296965,0.0931176024541841,1197.0,True,2026-05-21,,
2716,67,5,543,545,0.012891344383057,0.0348623853211009,-0.0219710409380438,-0.049744854403561,0.0033267251890282,-0.0518342390325882,-0.1048135773584767,0.0023281969310749,0.11,P3_no_premium_floor,f_hujacobs,y_orion_opt,5,-0.0329378774805867,1520.0,-0.01468788249694,-0.0377388250699363,0.0099006226274036,1196.0,True,2026-05-21,,
2716,67,5,543,545,0.012891344383057,0.0348623853211009,-0.0219710409380438,-0.049744854403561,0.0033267251890282,-0.0518342390325882,-0.1048135773584767,0.0023281969310749,0.11,P3_no_premium_floor,f_hujacobs,y_orion_pess,5,-0.0329378774805867,1520.0,-0.01468788249694,-0.0377388250699363,0.0099006226274036,1196.0,True,2026-05-21,,
3633,78,5,727,727,0.0247592847317744,0.0137551581843191,0.0110041265474552,-0.0027332905646006,0.0269141022418001,0.0263723053899296,-0.0089522541144402,0.059348962841566,0.117,P3_no_premium_floor,f_prior_flow_align,y_orion_pess,5,0.0155979202772963,2885.0,-0.0227420402858999,-0.0971868402533427,0.0306161695447409,748.0,False,2026-05-21,,
312,29,5,63,63,0.0349896947352539,-0.0007634929108796,0.0357531876461336,-0.0185453199029713,0.073239439677165,0.1913793214160646,-0.1255057673086788,0.4475028513196236,0.119,P3_no_premium_floor,f_hujacobs,y_und_return_1d,5,,,,,,,,,,
310,28,5,62,62,-0.0082133610398291,0.0123347962070854,-0.0205481572469145,-0.066558965701278,0.006093514129008,-0.1012158357495301,-0.286177559860625,0.0717886562674623,0.1191191191191191,P3_no_premium_floor,f_rsi14_lag,y_und_return_1d,5,,,,,,,,,,
2663,65,5,528,538,0.0189393939393939,0.0390334572490706,-0.0200940633096766,-0.050406049993962,0.0054201058280984,-0.0411742080569562,-0.0872685019455637,0.0101039826718324,0.123,P3_no_premium_floor,f_netbull_lag,y_orion_opt,5,-0.0221014492753623,1468.0,-0.0154017236586043,-0.0709138298805883,0.019802962439101,1195.0,True,2026-05-21,,
2663,65,5,528,538,0.0189393939393939,0.0390334572490706,-0.0200940633096766,-0.050406049993962,0.0054201058280984,-0.0411742080569562,-0.0872685019455637,0.0101039826718324,0.123,P3_no_premium_floor,f_netbull_lag,y_orion_pess,5,-0.0221014492753623,1468.0,-0.0154017236586043,-0.0709138298805883,0.019802962439101,1195.0,True,2026-05-21,,
3596,59,5,719,720,0.2016689847009735,0.1652777777777777,0.0363912069231958,-0.0109643256339437,0.0890215165366903,0.0249283856726147,-0.0136965059671673,0.0660973204728611,0.136,P3_no_premium_floor,f_iv_rank,y_tp,5,0.012107383476678,2406.0,0.0327371510152284,-0.0410457515718238,0.117525837797819,1190.0,True,2026-05-21,,
309,15,5,62,62,-0.0046723588230034,0.0107982896400469,-0.0154706484630504,-0.0406908172053114,0.0035369783099808,-0.1299160867553527,-0.2756750056190786,0.0300130436691661,0.1462193289934902,P3_no_premium_floor,f_prior_flow,y_und_return_5d,5,,,,,,,,,,
2717,67,5,544,552,0.1470588235294117,0.2101449275362318,-0.0630861040068201,-0.149063573412203,0.0204207221022766,-0.0482756042812401,-0.1268633648500268,0.0279471219334919,0.156,P3_no_premium_floor,f_und_1d,y_tp,5,-0.0342062263501891,1520.0,-0.0361977487975405,-0.1374863489075177,0.0701626216328208,1197.0,True,2026-05-21,,
2717,67,5,544,552,-0.0250002181214912,0.0089949148425091,-0.0339951329640004,-0.0865632944089516,0.0131559129842967,-0.0335006672919528,-0.089502858571933,0.0294717858876457,0.157,P3_no_premium_floor,f_und_1d,y_ret,5,0.0069588835794439,1520.0,-0.0847554586029977,-0.1785022557759522,0.0110662232434909,1197.0,False,2026-05-21,,
349,15,5,70,70,-0.0143099973847729,0.0223378221709139,-0.0366478195556869,-0.0790201245800589,0.0158546470645126,-0.1540794774547355,-0.2910782904438445,0.0822568897278995,0.162,P3_no_premium_floor,f_logmoney,y_und_return_5d,5,,,,,,,,,,
2350,65,5,464,470,0.1616379310344827,0.2446808510638297,-0.083042920029347,-0.2217589546783626,0.033374526515856,-0.040384946118344,-0.1635759445540599,0.0683812942644508,0.163,P3_no_premium_floor,f_hujacobs_lag,y_tp,5,-0.0645297420278155,1160.0,-0.0716180371352785,-0.1996061015790128,0.0253014701359654,1190.0,True,2026-05-21,,
1779,61,5,343,357,0.0174927113702623,0.0392156862745098,-0.0217229749042474,-0.0567766617632169,0.0089568785203745,-0.0428024933666097,-0.1041475365176323,0.0143740486537949,0.166,P3_no_premium_floor,f_osiv_lag,y_orion_opt,5,-0.0198217857792325,739.0,0.0022832291383528,-0.0488171779998602,0.0285714285714285,1040.0,False,2026-05-21,,
1779,61,5,343,357,0.0174927113702623,0.0392156862745098,-0.0217229749042474,-0.0567766617632169,0.0089568785203745,-0.0428024933666097,-0.1041475365176323,0.0143740486537949,0.166,P3_no_premium_floor,f_osiv_lag,y_orion_pess,5,-0.0198217857792325,739.0,0.0022832291383528,-0.0488171779998602,0.0285714285714285,1040.0,False,2026-05-21,,
2493,64,3,395,1848,0.0151898734177215,0.0324675324675324,-0.0172776590498109,-0.0379541224500252,0.0116502737769854,-0.0452141571747557,-0.1114588064257978,0.0117067057311789,0.17,P3_no_premium_floor,f_mktgex_lag,y_orion_opt,5,,,,,,,,,,
2493,64,3,395,1848,0.0151898734177215,0.0324675324675324,-0.0172776590498109,-0.0379541224500252,0.0116502737769854,-0.0452141571747557,-0.1114588064257978,0.0117067057311789,0.17,P3_no_premium_floor,f_mktgex_lag,y_orion_pess,5,,,,,,,,,,
661,31,5,132,134,0.0123917134723678,-0.0010733028781149,0.0134650163504827,-0.0046860209516988,0.0485500911617263,0.0410151933417642,-0.0993874575441285,0.2283225804977671,0.177,P3_no_premium_floor,f_iv,y_und_return_1d,5,0.0010523410682156,479.0,0.0250938193148471,0.0045665244612321,0.0622889373659123,182.0,True,2026-05-21,,
4348,78,5,816,973,0.204656862745098,0.1726618705035971,0.0319949922415009,-0.0181994860898635,0.076104956990476,0.0212641269407311,-0.0131129311356514,0.0543076265065406,0.178,P3_no_premium_floor,f_trade_count,y_tp,5,0.0151183049513853,3151.0,0.0147608828939301,-0.0938099850860475,0.1042892133008159,1197.0,True,2026-05-21,,
310,28,5,60,63,0.010685756010742,-0.0062868690810202,0.0169726250917622,-0.0134995255626187,0.0448449200961325,0.1488248745650082,-0.0087961549890136,0.316181809068269,0.191,P3_no_premium_floor,f_sweepshare_lag,y_und_return_1d,5,,,,,,,,,,
849,32,5,170,170,0.0004173381456266,0.0071263536545471,-0.0067090155089205,-0.0225580188646855,0.0040444146604708,-0.0664487016611346,-0.1858501504366506,0.0442994827197553,0.192,P3_no_premium_floor,f_log_prem,y_und_return_1d,5,-0.0070223343953205,667.0,-0.0015041733833843,-0.0285511602893934,0.0363962218231876,182.0,True,2026-05-21,,
1779,61,5,347,434,0.0172910662824207,0.032258064516129,-0.0149669982337082,-0.0408558760152523,0.0114452779154547,-0.0325380763180838,-0.0915830998274931,0.0239108286314363,0.194,P3_no_premium_floor,f_osivrank_lag,y_orion_opt,5,0.0029613960867265,739.0,0.0033842055850308,-0.0282909919970221,0.0336709578954446,1040.0,True,2026-05-21,,
1779,61,5,347,434,0.0172910662824207,0.032258064516129,-0.0149669982337082,-0.0408558760152523,0.0114452779154547,-0.0325380763180838,-0.0915830998274931,0.0239108286314363,0.194,P3_no_premium_floor,f_osivrank_lag,y_orion_pess,5,0.0029613960867265,739.0,0.0033842055850308,-0.0282909919970221,0.0336709578954446,1040.0,True,2026-05-21,,
3354,57,5,671,672,0.0253353204172876,0.0133928571428571,0.0119424632744304,-0.0053681561509394,0.0307193497059696,0.0190940445434675,-0.0186912031717341,0.0527641485918073,0.203,P3_no_premium_floor,f_maxpain_dist,y_orion_opt,5,0.0069284064665127,2164.0,0.0092159048680787,-0.0208256009939426,0.0312567156160458,1190.0,True,2026-05-21,,
3354,57,5,671,672,0.0253353204172876,0.0133928571428571,0.0119424632744304,-0.0053681561509394,0.0307193497059696,0.0190940445434675,-0.0186912031717341,0.0527641485918073,0.203,P3_no_premium_floor,f_maxpain_dist,y_orion_pess,5,0.0069284064665127,2164.0,0.0092159048680787,-0.0208256009939426,0.0312567156160458,1190.0,True,2026-05-21,,
2663,65,5,528,538,-0.0187028949705424,0.01151369373804,-0.0302165887085824,-0.0916940396607578,0.0148152936952189,-0.019400255281985,-0.0817138202873351,0.0365484365669425,0.216,P3_no_premium_floor,f_netbull_lag,y_ret,5,-0.0551605484464527,1468.0,-0.0003064724498286,-0.0902736121849021,0.0783994605329143,1195.0,True,2026-05-21,,
1011,48,5,201,208,0.0099502487562189,0.0288461538461538,-0.0188959050899349,-0.0495880400805035,0.0135116025163592,-0.0389132823662223,-0.1187688973396825,0.0250418423881473,0.217,P3_no_premium_floor,f_oibuild_lag,y_orion_opt,5,,,,,,,,,,
1011,48,5,201,208,0.0099502487562189,0.0288461538461538,-0.0188959050899349,-0.0495880400805035,0.0135116025163592,-0.0389132823662223,-0.1187688973396825,0.0250418423881473,0.217,P3_no_premium_floor,f_oibuild_lag,y_orion_pess,5,,,,,,,,,,
618,11,5,122,124,0.2295081967213114,0.1048387096774193,0.1246694870438921,-0.0838851074298835,0.2219770679014285,0.1093440829554474,-0.0706678516134536,0.2168624614114052,0.217,P3_no_premium_floor,f_ts_slope_lag,y_tp,5,,,,,,,,,,
2591,65,5,517,521,0.0154738878143133,0.0307101727447216,-0.0152362849304083,-0.0425321113766283,0.007546375935499,-0.0358335366492104,-0.0870584349329965,0.0106349418678456,0.224,P3_no_premium_floor,f_rsi14_lag,y_orion_opt,5,0.0006822128504093,1401.0,-0.041207627118644,-0.0957321789872206,-0.0044623593951184,1190.0,False,2026-05-21,,
2591,65,5,517,521,0.0154738878143133,0.0307101727447216,-0.0152362849304083,-0.0425321113766283,0.007546375935499,-0.0358335366492104,-0.0870584349329965,0.0106349418678456,0.224,P3_no_premium_floor,f_rsi14_lag,y_orion_pess,5,0.0006822128504093,1401.0,-0.041207627118644,-0.0957321789872206,-0.0044623593951184,1190.0,False,2026-05-21,,
618,11,5,122,124,0.0163934426229508,0.0,0.0163934426229508,0.0,0.0326824172291867,0.0503195181052484,-0.0681578830099398,0.0930189310323301,0.231,P3_no_premium_floor,f_ts_slope_lag,y_orion_opt,5,,,,,,,,,,
618,11,5,122,124,0.0163934426229508,0.0,0.0163934426229508,0.0,0.0326824172291867,0.0503195181052484,-0.0681578830099398,0.0930189310323301,0.231,P3_no_premium_floor,f_ts_slope_lag,y_orion_pess,5,,,,,,,,,,
310,28,5,62,63,-0.0031041926828186,0.018147969329531,-0.0212521620123496,-0.0765667493975991,0.0141217248681301,-0.0668946287807516,-0.3096039001000832,0.1728782278224655,0.2393590385578367,P3_no_premium_floor,f_mom5d_lag,y_und_return_1d,5,,,,,,,,,,
310,28,5,62,62,0.0075629007057791,-0.001199311098053,0.0087622118038321,-0.0058289693109274,0.03306637515457,0.102882130272146,-0.0308383920294505,0.2035902641882682,0.2403605408112168,P3_no_premium_floor,f_netbull_lag,y_und_return_1d,5,,,,,,,,,,
849,32,5,170,170,0.0046360926791495,0.0166394417899618,-0.0120033491108123,-0.0295369270562603,0.0095011664285712,-0.0803490338198782,-0.1543559074708823,0.0063649395569901,0.244,P3_no_premium_floor,f_otm,y_und_return_1d,5,-0.0154855137686905,667.0,0.0019379488680727,-0.0243674120614235,0.0357593947720475,182.0,False,2026-05-21,,
2628,65,2,69,2559,0.0579710144927536,0.0254005470887065,0.032570467404047,-0.0167302698920907,0.1041215431945816,0.0046679295768284,-0.0748472687241671,0.0819592038419907,0.245,P3_no_premium_floor,f_gamma_lag,y_orion_opt,5,,1455.0,-0.0519767588733105,-0.155723723785676,0.0310139516542943,1173.0,False,2026-05-21,,
2628,65,2,69,2559,0.0579710144927536,0.0254005470887065,0.032570467404047,-0.0167302698920907,0.1041215431945816,0.0046679295768284,-0.0748472687241671,0.0819592038419907,0.245,P3_no_premium_floor,f_gamma_lag,y_orion_pess,5,,1455.0,-0.0519767588733105,-0.155723723785676,0.0310139516542943,1173.0,False,2026-05-21,,
294,13,5,58,60,0.0287503424063825,0.0020900016157802,0.0266603407906022,-0.0250738161970449,0.1019169442017651,0.0143571117747734,-0.1682795433921513,0.2915764218408519,0.254,P3_no_premium_floor,f_iv,y_und_return_5d,5,,,,,,,,,,
2716,67,5,543,545,0.1712707182320442,0.2385321100917431,-0.0672613918596989,-0.198572858545841,0.0438975870430628,-0.0221932869985334,-0.1463003540040016,0.0736604679867539,0.257,P3_no_premium_floor,f_hujacobs,y_tp,5,-0.0466889559965487,1520.0,-0.0618523051815585,-0.1980418213540456,0.0480930343178326,1196.0,True,2026-05-21,,
2480,64,5,496,500,0.0073431731857251,-0.0191251865714454,0.0264683597571705,-0.0207425569401303,0.0750927731137912,0.0007235777554102,-0.0493921408221008,0.0601288476806659,0.257,P3_no_premium_floor,f_tox_lag,y_ret,5,-0.0125992858129457,1287.0,0.0792814967437999,0.0249164744788962,0.1270523229449087,1193.0,False,2026-05-21,,
3633,78,5,727,727,0.1939477303988996,0.1636863823933975,0.030261348005502,-0.0189757699445324,0.0964661217261476,0.0193760827987292,-0.023556170594734,0.0672371931306401,0.26,P3_no_premium_floor,f_prior_flow,y_tp,5,0.0363951473136915,2885.0,0.0652573529411764,-0.1137614087184768,0.2009075492741434,748.0,True,2026-05-21,,
849,32,4,143,349,-0.0099097994652685,0.0138728781906941,-0.0237826776559627,-0.0374926743012122,0.0228164937709481,-0.1402225679516708,-0.2451285631515443,0.0558716790758815,0.2714366837024418,P3_no_premium_floor,f_dte,y_und_return_1d,5,-0.0005870498343063,667.0,-0.006976405563716,-0.0261863650466715,0.0226387406301588,182.0,True,2026-05-21,,
2663,65,5,531,534,0.0176403895958883,-0.0099433243790372,0.0275837139749255,-0.0237928488115335,0.0780803232612469,0.0613721967923838,0.0129722439251328,0.105383189418416,0.272,P3_no_premium_floor,f_sweepshare_lag,y_ret,5,0.0241169295870379,1468.0,0.0199169356246539,-0.0490151379635792,0.1084823820987872,1195.0,True,2026-05-21,,
2350,65,5,468,476,0.0299145299145299,0.0168067226890756,0.0131078072254542,-0.0108867714146894,0.0412355235692668,0.0063657332119321,-0.0466862803365956,0.0512485808438515,0.284,P3_no_premium_floor,f_vol20_lag,y_orion_opt,5,0.0225992581398543,1160.0,-0.0005291005291005,-0.0258638371386469,0.0260800526365353,1190.0,False,2026-05-21,,
2350,65,5,468,476,0.0299145299145299,0.0168067226890756,0.0131078072254542,-0.0108867714146894,0.0412355235692668,0.0063657332119321,-0.0466862803365956,0.0512485808438515,0.284,P3_no_premium_floor,f_vol20_lag,y_orion_pess,5,0.0225992581398543,1160.0,-0.0005291005291005,-0.0258638371386469,0.0260800526365353,1190.0,False,2026-05-21,,
4348,78,5,870,870,-0.0172535687226889,-0.0060545119794474,-0.0111990567432415,-0.0314882593975998,0.0102164236578181,-0.0695425455975593,-0.0977412503520962,-0.0416933506918897,0.291,P3_no_premium_floor,f_otm,y_ret,5,-0.011862827633959,3151.0,0.0033787054657619,-0.0325806723451256,0.0456396266036704,1197.0,False,2026-05-21,,
4274,78,5,855,855,0.1964912280701754,0.1602339181286549,0.0362573099415204,-0.0327290902659099,0.0996728050638121,0.0314304225039178,-0.0312973780079546,0.0885015790192506,0.292,P3_no_premium_floor,f_vol_oi,y_tp,5,0.041687946219188,3098.0,0.0269287626353429,-0.0644784149484536,0.1148146818382677,1176.0,True,2026-05-21,,
2717,67,5,511,545,0.0215264187866927,0.036697247706422,-0.0151708289197292,-0.0417986098289554,0.014562770421438,-0.0258594013878763,-0.0733991618588576,0.0302058982819943,0.295,P3_no_premium_floor,f_und_5d,y_orion_opt,5,-0.01984434124527,1520.0,-0.0153730480046269,-0.0640190740648157,0.0236060882803029,1197.0,True,2026-05-21,,
2717,67,5,511,545,0.0215264187866927,0.036697247706422,-0.0151708289197292,-0.0417986098289554,0.014562770421438,-0.0258594013878763,-0.0733991618588576,0.0302058982819943,0.295,P3_no_premium_floor,f_und_5d,y_orion_pess,5,-0.01984434124527,1520.0,-0.0153730480046269,-0.0640190740648157,0.0236060882803029,1197.0,True,2026-05-21,,
826,32,5,165,166,0.0099806520329271,-0.003307273098904,0.0132879251318312,-0.0201743534798268,0.0286496203561257,0.1196979003641463,-0.1089386816486441,0.2434265619491557,0.299,P3_no_premium_floor,f_vol_oi,y_und_return_1d,5,0.0211740184850309,648.0,-0.0310805812163811,-0.0836169325678529,0.0171146055647727,178.0,False,2026-05-21,,
4348,78,3,2609,870,-0.0189244725482711,-0.0063368462889433,-0.0125876262593277,-0.036324995492292,0.0107522989393654,-0.0303608175187437,-0.0696334075840747,0.0057827452535362,0.3,P3_no_premium_floor,f_ask_share,y_ret,5,-0.0160596817005966,3151.0,0.0010739439826065,-0.0446556897297518,0.0377491042737412,1197.0,False,2026-05-21,,
285,28,5,56,57,0.0266335741341895,-0.0008822286425101,0.0275158027766997,-0.0383817027342179,0.0686358181842968,0.1589526181956391,-0.1609775876728049,0.4451959614652154,0.3,P3_no_premium_floor,f_hujacobs_lag,y_und_return_1d,5,,,,,,,,,,
1779,61,5,347,434,0.0093086969653884,-0.0118575328907661,0.0211662298561545,-0.0191519073648654,0.0690630336094105,0.0365888458335306,-0.024452270670594,0.1085532913635972,0.302,P3_no_premium_floor,f_osivrank_lag,y_ret,5,-0.0434930654269517,739.0,0.0285361101442929,-0.0604223855853707,0.1099450820513537,1040.0,False,2026-05-21,,
2717,67,5,511,545,-0.0043241800830694,0.0192699741971081,-0.0235941542801775,-0.0621699646535522,0.0305565221811958,-0.0337051395332014,-0.0778644600652344,0.0223451358852443,0.309,P3_no_premium_floor,f_und_5d,y_ret,5,-0.0269579273243344,1520.0,-0.0341384405418178,-0.0990725582012198,0.0290011165128099,1197.0,True,2026-05-21,,
2628,65,2,69,2559,0.2608695652173913,0.1942164908167253,0.066653074400666,-0.0623057737221512,0.1891144454137585,0.01870068584939,-0.0151832433256648,0.0544375369245398,0.334,P3_no_premium_floor,f_gamma_lag,y_tp,5,,1455.0,-0.0383352279904004,-0.1534511629252355,0.1079661768953826,1173.0,False,2026-05-21,,
2493,64,3,395,1848,0.1696202531645569,0.218073593073593,-0.0484533399090361,-0.1235912828915176,0.0712440803838914,-0.0731615806394281,-0.1586171616888678,0.0201078171745024,0.357,P3_no_premium_floor,f_mktgex_lag,y_tp,5,,,,,,,,,,
2663,65,5,531,534,0.2109227871939736,0.1722846441947565,0.038638142999217,-0.0443305825761303,0.1176586792005789,0.0337465065815462,-0.020209616083961,0.0798803138987332,0.374,P3_no_premium_floor,f_sweepshare_lag,y_tp,5,0.0452218430034129,1468.0,0.0146931719965427,-0.0533110067503336,0.1034405867610201,1195.0,True,2026-05-21,,
3633,78,5,727,727,-0.0103078276107824,-0.0315100843097776,0.0212022566989952,-0.0225071334319724,0.0626063320572083,0.0234724089376589,-0.0319559638615382,0.0744642966006974,0.375,P3_no_premium_floor,f_prior_flow_align,y_ret,5,0.0315700155313039,2885.0,-0.0439577057059328,-0.1560685179008032,0.0988704259269044,748.0,False,2026-05-21,,
349,15,5,61,110,-0.006022839867183,0.0018144641468894,-0.0078373040140725,-0.05566914975841,0.0101050624443937,0.033711146000709,-0.1207396661415606,0.1183527839422757,0.38,P3_no_premium_floor,f_dte,y_und_return_5d,5,,,,,,,,,,
661,31,5,132,133,0.0044462783260844,-0.0012518301025762,0.0056981084286606,-0.0068104658835149,0.0225744404191815,0.0379428226418611,-0.0268814229659534,0.1433813454410595,0.382,P3_no_premium_floor,f_abs_delta,y_und_return_1d,5,0.0014015912457234,479.0,0.0150516307385422,-0.0010001746794266,0.0368054712677178,182.0,True,2026-05-21,,
349,15,2,279,70,0.0071782585465857,-0.0054970016149221,0.0126752601615078,-0.0170886666907405,0.0439934507051605,0.0486229772820303,-0.1171840843703508,0.2161519410167375,0.385,P3_no_premium_floor,f_ask_share,y_und_return_5d,5,,,,,,,,,,
2493,64,3,395,1848,-0.0213425066850618,0.0062503199283447,-0.0275928266134065,-0.0692996740684566,0.0420634964061371,-0.0162596053025319,-0.0880221663688008,0.0638095070446941,0.388,P3_no_premium_floor,f_mktgex_lag,y_ret,5,,,,,,,,,,
3260,74,5,652,653,0.0276073619631901,0.0183767228177641,0.009230639145426,-0.0113326112305933,0.0309912073540441,0.0083694216961344,-0.0296447125825025,0.0486010178886841,0.39,P3_no_premium_floor,f_abs_delta,y_orion_opt,5,0.0,2063.0,0.0174952924313538,-0.0196945921927934,0.0436851183823827,1197.0,False,2026-05-21,,
3260,74,5,652,653,0.0276073619631901,0.0183767228177641,0.009230639145426,-0.0113326112305933,0.0309912073540441,0.0083694216961344,-0.0296447125825025,0.0486010178886841,0.39,P3_no_premium_floor,f_abs_delta,y_orion_pess,5,0.0,2063.0,0.0174952924313538,-0.0196945921927934,0.0436851183823827,1197.0,False,2026-05-21,,
4348,78,5,870,870,0.1689655172413793,0.1919540229885057,-0.0229885057471264,-0.0791715838782952,0.0253622087689289,-0.0183747065954492,-0.0606308415298105,0.024651027154018,0.416,P3_no_premium_floor,f_log_prem,y_tp,5,-0.0113903353206047,3151.0,-0.0524318730596757,-0.1213982512922269,0.0604783168649813,1197.0,True,2026-05-21,,
1011,48,5,199,228,0.0105702480951637,-0.023750765918719,0.0343210140138827,-0.0426396524438475,0.1321705374388691,0.0423323485541652,-0.0264052420011614,0.150445715403974,0.428,P3_no_premium_floor,f_oimom_lag,y_ret,5,,,,,,,,,,
3633,78,5,707,916,0.1612446958981612,0.1899563318777292,-0.028711635979568,-0.1011651695807918,0.0364488085768282,-0.0194005961490395,-0.0799901403098757,0.0296755890089021,0.436,P3_no_premium_floor,f_prior_cnt,y_tp,5,-0.0572811617587737,2885.0,0.0206766917293233,-0.0489537254370918,0.0879166666666667,748.0,False,2026-05-21,,
2480,64,5,496,500,0.2056451612903226,0.18,0.0256451612903226,-0.0379899438247868,0.0886893495529118,-0.0004567095081878,-0.0567022415854493,0.0689182539308749,0.44,P3_no_premium_floor,f_tox_lag,y_tp,5,-0.0113224118837591,1287.0,0.0572301024428683,-0.0414689536160678,0.1247405809229555,1193.0,False,2026-05-21,,
3260,74,5,650,652,0.2046153846153846,0.1763803680981595,0.028235016517225,-0.0399783642962229,0.1022845645807034,0.0144116323755134,-0.0359069795277496,0.0729695075401141,0.444,P3_no_premium_floor,f_iv,y_tp,5,0.0309447778128691,2063.0,0.0369434765776229,-0.043704405095063,0.1442072762114487,1197.0,True,2026-05-21,,
3633,78,5,727,727,-0.0075949368211449,-0.0222707368896182,0.0146758000684732,-0.0209237871127405,0.0563580804617145,0.0106097548020877,-0.0295538561377352,0.0458151207420875,0.446,P3_no_premium_floor,f_prior_flow,y_ret,5,0.0205120347034309,2885.0,0.0107054507800496,-0.0625570045315036,0.1848239526679432,748.0,True,2026-05-21,,
2480,64,5,496,500,0.032258064516129,0.022,0.010258064516129,-0.0173543341829877,0.0351452765316877,0.0238338477120425,-0.0276024556549306,0.0734379817517517,0.451,P3_no_premium_floor,f_tox_lag,y_orion_opt,5,-0.0013747279184328,1287.0,0.0390070921985815,0.0173385489336256,0.0647106541731736,1193.0,False,2026-05-21,,
2480,64,5,496,500,0.032258064516129,0.022,0.010258064516129,-0.0173543341829877,0.0351452765316877,0.0238338477120425,-0.0276024556549306,0.0734379817517517,0.451,P3_no_premium_floor,f_tox_lag,y_orion_pess,5,-0.0013747279184328,1287.0,0.0390070921985815,0.0173385489336256,0.0647106541731736,1193.0,False,2026-05-21,,
349,15,5,70,70,-0.0014651944369202,0.0073635925198493,-0.0088287869567695,-0.0288387548565856,0.0140846201729324,-0.0509241435705668,-0.182072378620287,0.1243933179731529,0.458,P3_no_premium_floor,f_log_prem,y_und_return_5d,5,,,,,,,,,,
849,32,5,170,170,0.0045867030093198,0.0131229608446339,-0.0085362578353141,-0.0563672311990084,0.0103816047749581,-0.0230368382226199,-0.306587058198478,0.1094995636580429,0.462,P3_no_premium_floor,f_logmoney,y_und_return_1d,5,0.0011655837599143,667.0,-0.0485783575580963,-0.0830843541293422,-0.0089801133302936,182.0,False,2026-05-21,,
312,29,5,62,63,0.0259846620377329,0.0083890351751782,0.0175956268625546,-0.0272508618717736,0.0884415446951094,-0.0065579470877583,-0.3213977823237436,0.4454253154906529,0.466,P3_no_premium_floor,f_mom_align_5d,y_und_return_1d,5,,,,,,,,,,
349,15,5,67,71,-0.0064415964649073,0.0106539112974579,-0.0170955077623652,-0.0513075513368803,0.0466742619652092,-0.0379492172447116,-0.1917981369592916,0.180569791224261,0.4692346173086543,P3_no_premium_floor,f_minutes_open,y_und_return_5d,5,,,,,,,,,,
618,11,5,122,124,-0.0208841906440449,-0.0387490524661177,0.0178648618220727,-0.0453134686883051,0.0528514136528432,-0.0020446995989182,-0.0965789874472062,0.0702951276297523,0.487,P3_no_premium_floor,f_ts_slope_lag,y_ret,5,,,,,,,,,,
2350,65,5,470,492,-0.0233881500389116,-0.0053946751795818,-0.0179934748593297,-0.0713219730617413,0.0298005680692648,-0.0227463072511015,-0.0823742675819689,0.0321025216503994,0.49,P3_no_premium_floor,f_mom20d_lag,y_ret,5,-0.040099742453688,1160.0,-0.0304566802848636,-0.108428700832888,0.0291365385698056,1190.0,True,2026-05-21,,
712,23,5,143,143,0.002925016585496,0.0085781042599412,-0.0056530876744451,-0.0272871497300419,0.0110989652832616,0.0008552767723442,-0.1052024221227692,0.0921659210806889,0.5,P3_no_premium_floor,f_maxpain_dist,y_und_return_1d,5,-0.0044407590738019,533.0,-0.0214314375378681,-0.0635522886616556,0.0230991886462613,179.0,True,2026-05-21,,
4274,78,5,855,855,-0.0104543370448304,-0.0241971413535826,0.0137428043087521,-0.0288414195218124,0.0535598763168321,0.0097433350628827,-0.0506243353977846,0.066664512557458,0.529,P3_no_premium_floor,f_vol_oi,y_ret,5,0.0149445004762118,3098.0,0.0138389612625656,-0.0269528407269843,0.0630070827632101,1176.0,True,2026-05-21,,
344,15,5,69,69,0.0024349359985817,0.0101910564612032,-0.0077561204626215,-0.0367255747408142,0.0168029997541896,-0.023845283191726,-0.1523456095683575,0.095460149777374,0.53,P3_no_premium_floor,f_vol_oi,y_und_return_5d,5,,,,,,,,,,
3633,78,5,707,916,-0.0294998273788098,-0.0130945711578349,-0.0164052562209748,-0.0620892739664726,0.035399912697301,-0.0146791968645811,-0.0907997040376687,0.0478519380727022,0.539,P3_no_premium_floor,f_prior_cnt,y_ret,5,-0.0323194262110714,2885.0,0.0612832772238596,-0.0068605399727864,0.4368581498750429,748.0,False,2026-05-21,,
2717,67,5,536,544,0.0011220409502759,-0.0171114840920593,0.0182335250423353,-0.0406500102297808,0.083587678062551,0.0017825226712941,-0.0843926063929051,0.100501065745267,0.546,P3_no_premium_floor,f_mom_align_5d,y_ret,5,0.0502428333068284,1520.0,-0.0013760264542608,-0.0743122706560629,0.1224264722336533,1197.0,False,2026-05-21,,
236,25,5,47,48,0.003411167620485,-0.0046754456009953,0.0080866132214803,-0.0167458617271317,0.0456963606899178,0.0021839545335952,-0.173520993133308,0.21510346686962,0.5476550680786687,P3_no_premium_floor,f_osivrank_lag,y_und_return_1d,5,,,,,,,,,,
2591,65,5,517,521,0.1798839458413926,0.1938579654510556,-0.013974019609663,-0.0630553038767806,0.0317080855623884,-0.0277774523283956,-0.0821019492871178,0.0193392433064331,0.554,P3_no_premium_floor,f_rsi14_lag,y_tp,5,0.0305962126850243,1401.0,-0.0296610169491525,-0.1088526213433121,0.0392542294863108,1190.0,False,2026-05-21,,
3260,74,5,650,652,0.0261538461538461,0.0199386503067484,0.0062151958470976,-0.0133468109325838,0.0308087332226644,0.0219512343553271,-0.020671702919443,0.0609231002422245,0.572,P3_no_premium_floor,f_iv,y_orion_opt,5,0.0265232597583371,2063.0,-0.0070170344560588,-0.0249407666878257,0.0049525795121511,1197.0,False,2026-05-21,,
3260,74,5,650,652,0.0261538461538461,0.0199386503067484,0.0062151958470976,-0.0133468109325838,0.0308087332226644,0.0219512343553271,-0.020671702919443,0.0609231002422245,0.572,P3_no_premium_floor,f_iv,y_orion_pess,5,0.0265232597583371,2063.0,-0.0070170344560588,-0.0249407666878257,0.0049525795121511,1197.0,False,2026-05-21,,
310,28,2,19,291,0.0180385367056527,0.0024082219656502,0.0156303147400024,-0.0502083588565874,0.0763463124865011,0.0791200669193181,-0.1074676843649345,0.2606552888722391,0.5758637956935403,P3_no_premium_floor,f_gamma_lag,y_und_return_1d,5,,,,,,,,,,
4348,78,5,782,1520,-0.0093858820666162,-0.0199717334020333,0.010585851335417,-0.0237155967516019,0.0507667159260567,0.1023741657642795,0.0449014121429475,0.1566695031953008,0.594,P3_no_premium_floor,f_dte,y_ret,5,0.0365837709841125,3151.0,-0.0381216695792539,-0.1243533513728761,0.0226624144946634,1197.0,False,2026-05-21,,
2350,65,5,470,492,0.0212765957446808,0.0284552845528455,-0.0071786888081646,-0.0356867846128237,0.0169552552199742,-0.0158036415127223,-0.0650721462513427,0.0372325080934925,0.599,P3_no_premium_floor,f_mom20d_lag,y_orion_opt,5,-9.329750709060822e-05,1160.0,-0.0159782913536826,-0.0644973366437991,0.019813147522434,1190.0,True,2026-05-21,,
2350,65,5,470,492,0.0212765957446808,0.0284552845528455,-0.0071786888081646,-0.0356867846128237,0.0169552552199742,-0.0158036415127223,-0.0650721462513427,0.0372325080934925,0.599,P3_no_premium_floor,f_mom20d_lag,y_orion_pess,5,-9.329750709060822e-05,1160.0,-0.0159782913536826,-0.0644973366437991,0.019813147522434,1190.0,True,2026-05-21,,
4348,78,5,870,870,0.0172413793103448,0.0206896551724137,-0.0034482758620689,-0.0168164026486258,0.0094363375035307,-0.000250648402108,-0.0350413852582561,0.032152736001844,0.609,P3_no_premium_floor,f_log_prem,y_orion_opt,5,-0.0063743616833949,3151.0,0.0012935494998275,-0.0238622496388814,0.016134449068328,1197.0,False,2026-05-21,,
4348,78,5,870,870,0.0172413793103448,0.0206896551724137,-0.0034482758620689,-0.0168164026486258,0.0094363375035307,-0.000250648402108,-0.0350413852582561,0.032152736001844,0.609,P3_no_premium_floor,f_log_prem,y_orion_pess,5,-0.0063743616833949,3151.0,0.0012935494998275,-0.0238622496388814,0.016134449068328,1197.0,False,2026-05-21,,
1011,48,5,201,208,0.1442786069651741,0.1971153846153846,-0.0528367776502104,-0.1758800839674626,0.1291855641012265,-0.0272117790471457,-0.1284522513199916,0.1004631949971786,0.645,P3_no_premium_floor,f_oibuild_lag,y_tp,5,,,,,,,,,,
3633,78,5,727,727,0.1650618982118294,0.1760660247592847,-0.0110041265474553,-0.06119367415913,0.050642631609764,-0.0046223378232689,-0.0503853843920578,0.049354247274762,0.655,P3_no_premium_floor,f_prior_flow_align,y_tp,5,-0.0086655112651646,2885.0,-0.0747238466536712,-0.2706030909631612,0.0909440559440559,748.0,True,2026-05-21,,
4348,78,5,870,870,-0.011485565051899,-0.0255384988226879,0.0140529337707888,-0.0393306949047261,0.0663546704363541,-0.017737838039409,-0.105643126292712,0.0705961221700271,0.658,P3_no_premium_floor,f_logmoney,y_ret,5,0.0264159093592282,3151.0,-0.0196080022030573,-0.0752169798552118,0.0675941939204231,1197.0,False,2026-05-21,,
334,14,5,67,67,0.0139698344853553,0.0228241597245746,-0.0088543252392192,-0.0427304710367987,0.0203603145558,0.0031514103905949,-0.1260557595352625,0.1919691191656575,0.6643321660830416,P3_no_premium_floor,f_maxpain_dist,y_und_return_5d,5,,,,,,,,,,
309,15,5,62,62,0.0010669843416956,0.0056808488848773,-0.0046138645431817,-0.0235333079915217,0.0144707095449507,0.0157281801246061,-0.1517432634760997,0.1377117934594028,0.6656641604010025,P3_no_premium_floor,f_prior_flow_align,y_und_return_5d,5,,,,,,,,,,
712,23,5,138,144,0.0063433251814283,0.0019434320863633,0.004399893095065,-0.0154034188273322,0.0243411527260483,-0.0348734852752966,-0.1335232641718128,0.1211307235171226,0.671,P3_no_premium_floor,f_iv_rank,y_und_return_1d,5,0.0050845318398001,533.0,0.0046547635024296,-0.0284285374987145,0.0251760031767368,179.0,True,2026-05-21,,
294,13,5,58,59,0.0096860049032789,0.0040150307676254,0.0056709741356534,-0.0227127026157824,0.0492339507384182,-0.0177160941171909,-0.1195525173606573,0.1876852774134725,0.682,P3_no_premium_floor,f_abs_delta,y_und_return_5d,5,,,,,,,,,,
349,15,5,70,70,-0.0024938250497452,0.00431925021102,-0.0068130752607652,-0.0521363103415092,0.0291854160178042,0.0048799737023483,-0.1720633382718061,0.1309421715765376,0.698,P3_no_premium_floor,f_otm,y_und_return_5d,5,,,,,,,,,,
2591,65,5,517,521,-0.0119258894452604,-0.003280714876652,-0.0086451745686084,-0.0515396923529293,0.0315668670728052,-0.007956969090283,-0.0571654291681308,0.0381797517642514,0.698,P3_no_premium_floor,f_rsi14_lag,y_ret,5,0.0105018719961442,1401.0,-0.029131458835148,-0.1138936451994676,0.0328371652580559,1190.0,False,2026-05-21,,
3354,57,5,671,672,-0.0053896834966212,0.0017143839667573,-0.0071040674633786,-0.0492130936005489,0.0336545412506759,-0.0260296099008181,-0.0693858567976416,0.024162096195991,0.707,P3_no_premium_floor,f_maxpain_dist,y_ret,5,0.0003411455161478,2164.0,-0.0131142283958807,-0.0620648148333364,0.0330426934068068,1190.0,False,2026-05-21,,
1779,61,5,343,357,0.0040776658722126,-0.0050700943846832,0.0091477602568958,-0.0432533005363669,0.0636299618780772,-0.0067027761644014,-0.0686633615378398,0.0705651842929831,0.712,P3_no_premium_floor,f_osiv_lag,y_ret,5,0.0177617909512306,739.0,-0.009418342217686,-0.1219321057726847,0.0774580047486361,1040.0,False,2026-05-21,,
2350,65,5,468,476,0.1965811965811965,0.1848739495798319,0.0117072470013646,-0.0562804861861127,0.0802479918273038,0.0162448974536205,-0.0493494193678768,0.0913498231573819,0.72,P3_no_premium_floor,f_vol20_lag,y_tp,5,0.1058181068828136,1160.0,0.0131099353321575,-0.0856006837794354,0.0911377316242153,1190.0,True,2026-05-21,,
349,15,5,66,73,0.0026824532524323,-0.0037154048474933,0.0063978580999257,-0.0578670729886406,0.0425782972479844,0.0380236416588937,-0.180587983494657,0.1918036370723864,0.7423711855927964,P3_no_premium_floor,f_minutes_close,y_und_return_5d,5,,,,,,,,,,
2597,65,5,520,523,0.025,0.02868068833652,-0.00368068833652,-0.028309580605423,0.0207180752678116,-0.0041379372047259,-0.051002973361016,0.0465224859054822,0.744,P3_no_premium_floor,f_mom5d_lag,y_orion_opt,5,-0.0197864629248702,1405.0,0.0090354906054279,-0.030408055518844,0.058323331707478,1192.0,False,2026-05-21,,
2597,65,5,520,523,0.025,0.02868068833652,-0.00368068833652,-0.028309580605423,0.0207180752678116,-0.0041379372047259,-0.051002973361016,0.0465224859054822,0.744,P3_no_premium_floor,f_mom5d_lag,y_orion_pess,5,-0.0197864629248702,1405.0,0.0090354906054279,-0.030408055518844,0.058323331707478,1192.0,False,2026-05-21,,
2597,65,5,520,523,-0.0201204648120169,-0.0154185565060658,-0.0047019083059511,-0.0437949776978798,0.0298185392097955,0.0069613806019631,-0.0416824605018381,0.0518716450669162,0.763,P3_no_premium_floor,f_mom5d_lag,y_ret,5,-0.0225322694338083,1405.0,0.0264705998105901,-0.0248486295251952,0.0807729379435473,1192.0,False,2026-05-21,,
2350,65,5,468,476,-0.0053952290199469,-0.0103157615867776,0.0049205325668306,-0.0326173338697966,0.0477942777621064,-0.0146749222513451,-0.066531983825842,0.0484324201529958,0.771,P3_no_premium_floor,f_vol20_lag,y_ret,5,0.0395860091537368,1160.0,-0.0012760749174352,-0.0525438716529617,0.0543622939934908,1190.0,False,2026-05-21,,
849,32,5,167,171,0.0004443609631132,0.0055375318285516,-0.0050931708654384,-0.0262701488351689,0.0270633658660935,-0.0153130357199383,-0.1440143062629507,0.2001230943362177,0.795,P3_no_premium_floor,f_minutes_open,y_und_return_1d,5,-0.0085078832712895,667.0,0.0095390134013118,-0.0409480913045027,0.039965116539287,182.0,False,2026-05-21,,
765,32,5,153,154,0.0056431091724427,0.0015352557859538,0.0041078533864888,-0.0251687151078505,0.0177384356303108,0.0185936100561189,-0.0996576732738681,0.1434452915407744,0.806,P3_no_premium_floor,f_prior_flow,y_und_return_1d,5,0.0058409503169037,632.0,-0.0137622389955764,-0.0498937947223488,0.0049816861746238,133.0,False,2026-05-21,,
4348,78,5,858,874,-0.0145212093232453,-0.0182108263032084,0.0036896169799631,-0.0282046262577981,0.0384140667619364,-0.0540572268801011,-0.0938081332892387,-0.009171592580133,0.808,P3_no_premium_floor,f_minutes_close,y_ret,5,0.0055394946568323,3151.0,-0.0008185325086592,-0.0638340760983682,0.1005105864402498,1197.0,False,2026-05-21,,
334,14,5,67,69,0.0133351500567933,0.010666965941688,0.0026681841151052,-0.0239981369392202,0.0376566070918359,-0.1050044112320913,-0.2127629350234533,0.0735322168874107,0.809,P3_no_premium_floor,f_iv_rank,y_und_return_5d,5,,,,,,,,,,
4348,78,3,2609,870,0.0233806055960138,0.0218390804597701,0.0015415251362436,-0.0118777231284647,0.0138148018280975,0.009595151265624,-0.0262408283886085,0.0424422776643876,0.812,P3_no_premium_floor,f_ask_share,y_orion_opt,5,-8.814844197631289e-06,3151.0,0.0047222767969912,-0.0265616337682613,0.0194140173870881,1197.0,False,2026-05-21,,
4348,78,3,2609,870,0.0233806055960138,0.0218390804597701,0.0015415251362436,-0.0118777231284647,0.0138148018280975,0.009595151265624,-0.0262408283886085,0.0424422776643876,0.812,P3_no_premium_floor,f_ask_share,y_orion_pess,5,-8.814844197631289e-06,3151.0,0.0047222767969912,-0.0265616337682613,0.0194140173870881,1197.0,False,2026-05-21,,
4348,78,5,816,973,-0.0101271234169127,-0.0065045611727669,-0.0036225622441458,-0.0330409093683343,0.0265949213654226,-0.0379665237044639,-0.0657634885977797,-0.0099770812563118,0.818,P3_no_premium_floor,f_trade_count,y_ret,5,-0.0128904494493518,3151.0,-0.0218499974256753,-0.0814906671504294,0.0419913408831028,1197.0,True,2026-05-21,,
4348,78,5,858,874,0.0314685314685314,0.028604118993135,0.0028644124753964,-0.0167623963278798,0.0216274299561649,0.0099582799692417,-0.0341784460986602,0.0495529317646968,0.822,P3_no_premium_floor,f_minutes_close,y_orion_opt,5,-0.0055088702147525,3151.0,0.0254407670893906,0.003720849201125,0.0687601726500003,1197.0,False,2026-05-21,,
4348,78,5,858,874,0.0314685314685314,0.028604118993135,0.0028644124753964,-0.0167623963278798,0.0216274299561649,0.0099582799692417,-0.0341784460986602,0.0495529317646968,0.822,P3_no_premium_floor,f_minutes_close,y_orion_pess,5,-0.0055088702147525,3151.0,0.0254407670893906,0.003720849201125,0.0687601726500003,1197.0,False,2026-05-21,,
2477,66,5,496,496,0.0241935483870967,0.0282258064516129,-0.0040322580645161,-0.0407804447556789,0.0253599537379623,-0.0162756415397581,-0.0785809357081555,0.0431607359814357,0.825,P3_no_premium_floor,f_vrp,y_orion_opt,5,-9.119649805447438e-05,1281.0,-0.0057504312823461,-0.0729022197443118,0.0458233388560548,1196.0,True,2026-05-21,,
2477,66,5,496,496,0.0241935483870967,0.0282258064516129,-0.0040322580645161,-0.0407804447556789,0.0253599537379623,-0.0162756415397581,-0.0785809357081555,0.0431607359814357,0.825,P3_no_premium_floor,f_vrp,y_orion_pess,5,-9.119649805447438e-05,1281.0,-0.0057504312823461,-0.0729022197443118,0.0458233388560548,1196.0,True,2026-05-21,,
4348,78,5,859,891,-0.0185858272853201,-0.0156170783383358,-0.0029687489469843,-0.0381940479942115,0.0296562773796336,0.0541207347899033,0.0093488262489353,0.0939068953798777,0.835,P3_no_premium_floor,f_minutes_open,y_ret,5,-0.0074159880393113,3151.0,0.004329036661518,-0.0954248270435336,0.0660313991881887,1197.0,False,2026-05-21,,
2712,67,5,543,543,0.1749539594843462,0.1841620626151013,-0.009208103130755,-0.0873958004511752,0.0719984538227462,-0.0277910000968245,-0.0844003999679511,0.0409488167831464,0.837,P3_no_premium_floor,f_und_30d,y_tp,5,-0.0002883783523983,1520.0,-0.0413232171849631,-0.1462141613986386,0.0705082451264812,1192.0,True,2026-05-21,,
1011,48,5,199,228,0.0351758793969849,0.0307017543859649,0.00447412501102,-0.0331862519943915,0.0458768859812887,-0.0173724467779927,-0.1054798741896225,0.0410967460264546,0.842,P3_no_premium_floor,f_oimom_lag,y_orion_opt,5,,,,,,,,,,
1011,48,5,199,228,0.0351758793969849,0.0307017543859649,0.00447412501102,-0.0331862519943915,0.0458768859812887,-0.0173724467779927,-0.1054798741896225,0.0410967460264546,0.842,P3_no_premium_floor,f_oimom_lag,y_orion_pess,5,,,,,,,,,,
2716,67,5,542,546,0.022140221402214,0.0238095238095238,-0.0016693024073097,-0.0247239569225844,0.022536743996089,-0.0102085449187419,-0.0640302408483566,0.0370361579576198,0.853,P3_no_premium_floor,f_rv20,y_orion_opt,5,-0.0068361049202811,1520.0,0.0067036836403033,-0.0239791228774279,0.0415993916688723,1196.0,False,2026-05-21,,
2716,67,5,542,546,0.022140221402214,0.0238095238095238,-0.0016693024073097,-0.0247239569225844,0.022536743996089,-0.0102085449187419,-0.0640302408483566,0.0370361579576198,0.853,P3_no_premium_floor,f_rv20,y_orion_pess,5,-0.0068361049202811,1520.0,0.0067036836403033,-0.0239791228774279,0.0415993916688723,1196.0,False,2026-05-21,,
849,32,3,509,170,0.0041409082620115,0.0056582696506712,-0.0015173613886596,-0.0187810663730002,0.0152475607659084,-0.0033800348736699,-0.1035329941433318,0.0989359158833615,0.853,P3_no_premium_floor,f_ask_share,y_und_return_1d,5,0.0028874493354707,667.0,-0.0184575583779442,-0.0459472777078364,0.0019659004750365,182.0,False,2026-05-21,,
2477,66,5,496,496,0.1733870967741935,0.1834677419354838,-0.0100806451612903,-0.1038136647774669,0.0757428401607513,-0.0064687113005586,-0.0911865415937071,0.0744372115942402,0.857,P3_no_premium_floor,f_vrp,y_tp,5,0.0070677285992217,1281.0,-0.0363714778608395,-0.173346657273544,0.1333670097852331,1196.0,False,2026-05-21,,
310,28,5,62,63,0.0084771553513793,0.0108504119034697,-0.0023732565520903,-0.033484677048463,0.0183539394111305,-0.012068575363613,-0.1600354581265261,0.1160394988892382,0.859,P3_no_premium_floor,f_tox_lag,y_und_return_1d,5,,,,,,,,,,
4348,78,5,859,891,0.029103608847497,0.031425364758698,-0.002321755911201,-0.0207454310870977,0.0174949788837303,-0.0098965150291131,-0.0495734319664424,0.0341082777759585,0.862,P3_no_premium_floor,f_minutes_open,y_orion_opt,5,0.0042279815506259,3151.0,-0.0272156862745098,-0.0710581626701411,-0.0044036354473494,1197.0,False,2026-05-21,,
4348,78,5,859,891,0.029103608847497,0.031425364758698,-0.002321755911201,-0.0207454310870977,0.0174949788837303,-0.0098965150291131,-0.0495734319664424,0.0341082777759585,0.862,P3_no_premium_floor,f_minutes_open,y_orion_pess,5,0.0042279815506259,3151.0,-0.0272156862745098,-0.0710581626701411,-0.0044036354473494,1197.0,False,2026-05-21,,
2663,65,5,528,538,0.1931818181818181,0.1988847583643122,-0.005702940182494,-0.1160100128909365,0.0808340833088846,-0.0186385759215788,-0.0942865785376273,0.0479649037526692,0.875,P3_no_premium_floor,f_netbull_lag,y_tp,5,-0.0203804347826087,1468.0,0.0045593550180706,-0.1108571297319131,0.107668118425895,1195.0,False,2026-05-21,,
2716,67,5,542,546,0.1734317343173431,0.1684981684981685,0.0049335658191746,-0.0633933976854907,0.0822866384759579,0.0144623169346669,-0.0565494610984802,0.0915698122228062,0.877,P3_no_premium_floor,f_rv20,y_tp,5,0.0080040288016458,1520.0,0.0007448537378114,-0.1248891196945878,0.1503239271061739,1196.0,True,2026-05-21,,
2350,65,5,470,492,0.1808510638297872,0.1869918699186991,-0.0061408060889119,-0.0656495528040774,0.052515189096077,-0.0266785612763661,-0.0857454935785596,0.0299222985596855,0.877,P3_no_premium_floor,f_mom20d_lag,y_tp,5,-0.0743581131512166,1160.0,-0.0113924914158373,-0.0821420560337623,0.0728805590893913,1190.0,True,2026-05-21,,
312,29,5,63,65,0.0102405764658169,0.0084599439567396,0.0017806325090773,-0.0392943282217273,0.0447736390833782,0.0728289607008411,-0.1740303756601859,0.2997802236940459,0.878,P3_no_premium_floor,f_und_5d,y_und_return_1d,5,,,,,,,,,,
3354,57,5,671,672,0.2071535022354694,0.1979166666666666,0.0092368355688027,-0.0767195774497251,0.0888654381321037,-0.0015437149822754,-0.0667611932472852,0.0644969848542897,0.88,P3_no_premium_floor,f_maxpain_dist,y_tp,5,0.0115473441108544,2164.0,-0.0318097361575622,-0.1325193192216809,0.0663689851006811,1190.0,False,2026-05-21,,
2477,66,5,496,496,-0.0052776426923974,-0.0015516389529528,-0.0037260037394445,-0.0551878159775621,0.0610871268819966,-0.0169698365370075,-0.068325644342607,0.0522935860863821,0.881,P3_no_premium_floor,f_vrp,y_ret,5,0.0140734787762477,1281.0,-0.0162786231021926,-0.1176049981356753,0.1116951218427929,1196.0,False,2026-05-21,,
349,15,5,66,75,-0.0004264646885655,0.0011951103929251,-0.0016215750814907,-0.0281637712482077,0.0223817619985043,0.0344902917260004,-0.0703037132441324,0.121633757318566,0.881,P3_no_premium_floor,f_trade_count,y_und_return_5d,5,,,,,,,,,,
849,32,5,167,173,0.0047098969387704,0.0012597513621107,0.0034501455766597,-0.0299047076762356,0.0256901663401066,0.015378589542862,-0.1995974189324867,0.1440616755110572,0.889,P3_no_premium_floor,f_minutes_close,y_und_return_1d,5,0.0080016568346105,667.0,-0.0095390134013118,-0.039965116539287,0.0409480913045026,182.0,False,2026-05-21,,
2712,67,5,543,543,-0.0054206543069116,-0.0072900722491095,0.0018694179421978,-0.0515311410037022,0.0611933928452092,-0.0110654207010223,-0.0731678771650652,0.0578100584811069,0.901,P3_no_premium_floor,f_und_30d,y_ret,5,0.0336621855772466,1520.0,-0.038100697702252,-0.1071105448413929,0.0427457427595515,1192.0,False,2026-05-21,,
1011,48,5,199,228,0.1959798994974874,0.2017543859649122,-0.0057744864674248,-0.0952665291115482,0.0849036377692052,-0.0176952375055841,-0.0909855366813849,0.0661292333931424,0.903,P3_no_premium_floor,f_oimom_lag,y_tp,5,,,,,,,,,,
1779,61,5,347,434,0.1815561959654178,0.1820276497695852,-0.0004714538041673,-0.0742655402225553,0.0679175244275378,-0.0161348595821734,-0.0867515657640134,0.0596103675210591,0.922,P3_no_premium_floor,f_osivrank_lag,y_tp,5,-0.0987308302485457,739.0,0.015960350210694,-0.0674989903185059,0.107141885877256,1040.0,False,2026-05-21,,
1011,48,5,201,208,-0.0354365752774658,-0.0284804833678387,-0.006956091909627,-0.0747590716700726,0.1076309160572434,0.0463677777597903,-0.0595248127956314,0.1790973958778,0.922,P3_no_premium_floor,f_oibuild_lag,y_ret,5,,,,,,,,,,
2663,65,5,531,534,0.0301318267419962,0.0318352059925093,-0.0017033792505131,-0.0310284233469445,0.0261017127780599,-0.0050330383068905,-0.0585993530317925,0.0464677804183598,0.932,P3_no_premium_floor,f_sweepshare_lag,y_orion_opt,5,0.0084105314480741,1468.0,-0.0274272543935465,-0.0605363870987733,0.016180322473308,1195.0,False,2026-05-21,,
2663,65,5,531,534,0.0301318267419962,0.0318352059925093,-0.0017033792505131,-0.0310284233469445,0.0261017127780599,-0.0050330383068905,-0.0585993530317925,0.0464677804183598,0.932,P3_no_premium_floor,f_sweepshare_lag,y_orion_pess,5,0.0084105314480741,1468.0,-0.0274272543935465,-0.0605363870987733,0.016180322473308,1195.0,False,2026-05-21,,
765,32,5,148,161,0.0024942403256859,0.0039802094445246,-0.0014859691188387,-0.0211463013518353,0.0098864526271646,0.0437776139545982,-0.0708241234910142,0.1880678702055111,0.9328621908127208,P3_no_premium_floor,f_prior_cnt,y_und_return_1d,5,0.0023221331113922,632.0,,-0.0940930084353941,-0.0492496451742722,133.0,False,2026-05-21,,
1779,61,5,343,357,0.1778425655976676,0.1792717086834734,-0.0014291430858057,-0.0935283311826603,0.091722919699636,-0.0163928275189507,-0.0973628224535701,0.0816515135960104,0.939,P3_no_premium_floor,f_osiv_lag,y_tp,5,0.0106382978723404,739.0,-0.0180212014134275,-0.1220358655100016,0.0794233169793378,1040.0,False,2026-05-21,,
2350,65,5,464,470,-0.0004298199393348,0.0044806437726781,-0.004910463712013,-0.1123719582219148,0.0824164290459598,0.0678509438724616,-0.080677973781132,0.1888841216239706,0.94,P3_no_premium_floor,f_hujacobs_lag,y_ret,5,0.0150683093467,1160.0,0.0040273772446822,-0.1072924367550014,0.083525748225863,1190.0,True,2026-05-21,,
2717,67,5,511,545,0.1956947162426614,0.1926605504587156,0.0030341657839458,-0.0662518214341045,0.0999243910476415,-0.0032457888454746,-0.0648659955859145,0.0769309114903532,0.949,P3_no_premium_floor,f_und_5d,y_tp,5,-0.0112444100447196,1520.0,-0.0054135338345864,-0.0889924871836188,0.0946755420777772,1197.0,True,2026-05-21,,
4348,78,5,870,870,-0.0157143182788832,-0.016294105748378,0.0005797874694948,-0.0264651055364506,0.0259407735063315,0.0095298114149162,-0.023962747835325,0.0447916308749644,0.954,P3_no_premium_floor,f_log_prem,y_ret,5,-0.0002963120498843,3151.0,-0.0065965194135436,-0.0553304847292719,0.0572091647422946,1197.0,True,2026-05-21,,
3596,59,5,719,720,0.0292072322670375,0.0291666666666666,4.05656003708843e-05,-0.0204720733158446,0.0178654994710174,0.0027015603242975,-0.0409573353662352,0.0427100749840884,0.968,P3_no_premium_floor,f_iv_rank,y_orion_opt,5,-0.0083634544215457,2406.0,0.0044812817258883,-0.0169219009393368,0.0327673380232493,1190.0,False,2026-05-21,,
3596,59,5,719,720,0.0292072322670375,0.0291666666666666,4.05656003708843e-05,-0.0204720733158446,0.0178654994710174,0.0027015603242975,-0.0409573353662352,0.0427100749840884,0.968,P3_no_premium_floor,f_iv_rank,y_orion_pess,5,-0.0083634544215457,2406.0,0.0044812817258883,-0.0169219009393368,0.0327673380232493,1190.0,False,2026-05-21,,
2716,67,5,542,546,-0.0125060301344193,-0.0112276320603955,-0.0012783980740237,-0.0423552910728567,0.0516350652438602,-0.0176354574528137,-0.0684882142833982,0.0508789853919959,0.972,P3_no_premium_floor,f_rv20,y_ret,5,0.0010311202379031,1520.0,-0.0045368125612813,-0.0885953883202701,0.1021089859359248,1196.0,False,2026-05-21,,
2712,67,5,543,543,0.0202578268876611,0.0202578268876611,0.0,-0.0243473353524638,0.0267851283253252,-0.003880446768052,-0.0575441175138447,0.05059221172215,0.995,P3_no_premium_floor,f_und_30d,y_orion_opt,5,-0.0003204203915537,1520.0,0.0004995628824778,-0.036080097153771,0.0347885947037761,1192.0,False,2026-05-21,,
2712,67,5,543,543,0.0202578268876611,0.0202578268876611,0.0,-0.0243473353524638,0.0267851283253252,-0.003880446768052,-0.0575441175138447,0.05059221172215,0.995,P3_no_premium_floor,f_und_30d,y_orion_pess,5,-0.0003204203915537,1520.0,0.0004995628824778,-0.036080097153771,0.0347885947037761,1192.0,False,2026-05-21,,
2716,67,5,543,545,0.0082753862469974,0.0078815137815732,0.0003938724654241,-0.1088633984183461,0.0867301405340073,0.0835089473856946,-0.0623235705943943,0.1904255475856775,1.0,P3_no_premium_floor,f_hujacobs,y_ret,5,0.0158190860711482,1520.0,0.0081079195336168,-0.1153873909426837,0.091586935625628,1196.0,True,2026-05-21,,
3633,78,5,707,916,0.0183875530410183,0.0185589519650655,-0.0001713989240471,-0.0153024584936994,0.0152427986449239,0.0008732124979177,-0.0349048177005061,0.0365504324311369,1.0,P3_no_premium_floor,f_prior_cnt,y_orion_pess,5,-0.0105637353771682,2885.0,0.0225563909774436,-0.0193768212724623,0.2333211969507339,748.0,False,2026-05-21,,
309,15,5,60,66,0.0124912343003662,0.0100673970838741,0.002423837216492,-0.0368259930349969,0.0358202282859598,0.0539774622531004,-0.0672166977755258,0.1610058921375042,1.0,P3_no_premium_floor,f_prior_cnt,y_und_return_5d,5,,,,,,,,,,
5372,82,5,1075,1075,0.0327718097211366,-0.0565917489982534,0.0893635587193901,0.0602788654598024,0.1217174569853413,0.1768181215776397,0.1369757394818053,0.2212430337205498,0.001,P4_sweep_ask_any_dte,f_abs_delta,y_ret,5,,,,,,,,,,
7405,86,5,1398,1520,0.0321888412017167,0.2355263157894737,-0.2033374745877569,-0.2562482166381943,-0.1636376452571933,-0.2091474268974793,-0.2386251205004235,-0.1835400836155738,0.001,P4_sweep_ask_any_dte,f_dte,y_tp,5,,,,,,,,,,
7405,86,5,1398,1520,0.0042918454935622,0.0414473684210526,-0.0371555229274904,-0.0610695188796052,-0.0234828663239158,-0.1015957041842513,-0.1311690412422681,-0.0747134888153867,0.001,P4_sweep_ask_any_dte,f_dte,y_orion_opt,5,,,,,,,,,,
7405,86,5,1398,1520,0.0042918454935622,0.0414473684210526,-0.0371555229274904,-0.0610695188796052,-0.0234828663239158,-0.1015957041842513,-0.1311690412422681,-0.0747134888153867,0.001,P4_sweep_ask_any_dte,f_dte,y_orion_pess,5,,,,,,,,,,
7245,86,5,1449,1449,0.0234644582470669,0.0048309178743961,0.0186335403726708,0.0089868727110096,0.0294403379944335,0.0511659436661991,0.0257543481578725,0.0785841835256764,0.001,P4_sweep_ask_any_dte,f_vol_oi,y_orion_opt,5,,,,,,,,,,
7245,86,5,1449,1449,0.0234644582470669,0.0048309178743961,0.0186335403726708,0.0089868727110096,0.0294403379944335,0.0511659436661991,0.0257543481578725,0.0785841835256764,0.001,P4_sweep_ask_any_dte,f_vol_oi,y_orion_pess,5,,,,,,,,,,
208,8,2,6,202,0.0377169392514471,-0.0049081745570822,0.0426251138085294,0.0066263999320663,0.0842867928298058,0.2485573217096095,0.0650981790402521,0.4564783659698196,0.0015873015873015,P4_sweep_ask_any_dte,f_gamma_lag,y_und_return_5d,5,,,,,,,,,,
516,33,5,102,105,0.0209244460856188,7.335411569987463e-06,0.0209171106740489,0.0053243270537723,0.050478752027917,0.0086092545990963,-0.1362407321538684,0.1568758720397218,0.002,P4_sweep_ask_any_dte,f_osiv_lag,y_und_return_1d,5,,,,,,,,,,
7245,86,5,1449,1449,0.158040027605245,0.0869565217391304,0.0710835058661145,0.0277066740633598,0.1097021406020994,0.0757645339108176,0.0316009438134006,0.1175694358173334,0.003,P4_sweep_ask_any_dte,f_vol_oi,y_tp,5,,,,,,,,,,
7405,86,5,1481,1481,0.0168804861580013,0.0067521944632005,0.0101282916948008,0.0029236455714087,0.0166569053559013,0.0257047175700783,0.0041802558938092,0.044635797000121,0.004,P4_sweep_ask_any_dte,f_otm,y_orion_opt,5,,,,,,,,,,
7405,86,5,1481,1481,0.0168804861580013,0.0067521944632005,0.0101282916948008,0.0029236455714087,0.0166569053559013,0.0257047175700783,0.0041802558938092,0.044635797000121,0.004,P4_sweep_ask_any_dte,f_otm,y_orion_pess,5,,,,,,,,,,
7405,86,5,1481,1481,0.1107359891964888,0.1525995948683322,-0.0418636056718433,-0.0737512507182919,-0.0110399506498013,-0.0377932838561808,-0.068864198990205,-0.0052107920927832,0.005,P4_sweep_ask_any_dte,f_log_prem,y_tp,5,,,,,,,,,,
7405,86,5,1481,1481,0.0216070222822417,0.0060769750168804,0.0155300472653612,0.0051569891380651,0.0266296650706719,0.032150198393648,0.0009674800818689,0.0599402208833129,0.006,P4_sweep_ask_any_dte,f_logmoney,y_orion_opt,5,,,,,,,,,,
7405,86,5,1481,1481,0.0216070222822417,0.0060769750168804,0.0155300472653612,0.0051569891380651,0.0266296650706719,0.032150198393648,0.0009674800818689,0.0599402208833129,0.006,P4_sweep_ask_any_dte,f_logmoney,y_orion_pess,5,,,,,,,,,,
210,8,5,40,43,0.0018365471195961,-0.0239116250409877,0.0257481721605839,0.0040120310772231,0.0795103095234947,0.0558584126555227,-0.0771808758950487,0.2169344815035026,0.006514657980456,P4_sweep_ask_any_dte,f_und_1d,y_und_return_5d,5,,,,,,,,,,
7405,86,5,1425,1713,0.0266666666666666,0.0122591943957968,0.0144074722708698,0.0044520325736045,0.0259266352131541,0.0372097554362637,0.0134635258201436,0.0632125575970106,0.007,P4_sweep_ask_any_dte,f_trade_count,y_orion_opt,5,,,,,,,,,,
7405,86,5,1425,1713,0.0266666666666666,0.0122591943957968,0.0144074722708698,0.0044520325736045,0.0259266352131541,0.0372097554362637,0.0134635258201436,0.0632125575970106,0.007,P4_sweep_ask_any_dte,f_trade_count,y_orion_pess,5,,,,,,,,,,
4552,72,2,131,4421,0.0597047088824676,-0.0088358226160309,0.0685405314984986,0.0171146054875974,0.1133440501998684,0.0263614948071604,-0.0082499296157178,0.0623220454751509,0.009,P4_sweep_ask_any_dte,f_gamma_lag,y_ret,5,,,,,,,,,,
210,8,5,42,42,-0.0151605316761477,0.0111863968729706,-0.0263469285491183,-0.0567007804683424,-0.0036795205470811,0.0670153925855211,-0.0137872604967256,0.1807129262595764,0.0121765601217656,P4_sweep_ask_any_dte,f_mom5d_lag,y_und_return_5d,5,,,,,,,,,,
681,36,5,131,137,0.0098332738454826,-0.0051266286335663,0.014959902479049,0.0032127130131095,0.0350439165390726,0.0865327779429965,0.011780506424576,0.209313487059957,0.014,P4_sweep_ask_any_dte,f_netbull_lag,y_und_return_1d,5,,,,,,,,,,
4729,75,5,937,946,0.0064034151547491,0.0285412262156448,-0.0221378110608956,-0.0455987136608714,-0.0034386584703188,-0.0581493798938918,-0.1046994829985988,-0.0082273175996306,0.016,P4_sweep_ask_any_dte,f_und_1d,y_orion_opt,5,,,,,,,,,,
4729,75,5,937,946,0.0064034151547491,0.0285412262156448,-0.0221378110608956,-0.0455987136608714,-0.0034386584703188,-0.0581493798938918,-0.1046994829985988,-0.0082273175996306,0.016,P4_sweep_ask_any_dte,f_und_1d,y_orion_pess,5,,,,,,,,,,
624,36,5,125,130,0.0129148989593918,-0.001241025497978,0.0141559244573698,0.001950314500515,0.0376582572777395,-0.0008748208067565,-0.1463662481483323,0.1072337737857932,0.019,P4_sweep_ask_any_dte,f_vol20_lag,y_und_return_1d,5,,,,,,,,,,
677,36,5,136,136,-0.0056779246768846,0.0083077374531529,-0.0139856621300375,-0.0299918675340432,-0.0017852095429061,-0.0765728814212174,-0.164079136995589,0.030350766265979,0.037,P4_sweep_ask_any_dte,f_rsi14_lag,y_und_return_1d,5,,,,,,,,,,
210,8,5,42,43,-0.0166299192703023,-0.0015066589493536,-0.0151232603209487,-0.053513226619593,-0.0002879487550213,-0.0684436933114197,-0.175616550098042,0.0623959736466463,0.0476190476190476,P4_sweep_ask_any_dte,f_tox_lag,y_und_return_5d,5,,,,,,,,,,
4728,74,5,931,946,0.0150375939849624,0.0063424947145877,0.0086950992703746,-0.0005475926933465,0.0192837435082616,0.0056247962701335,-0.0368323703614486,0.0452778160256719,0.063,P4_sweep_ask_any_dte,f_mom_align_5d,y_orion_opt,5,,,,,,,,,,
4728,74,5,931,946,0.0150375939849624,0.0063424947145877,0.0086950992703746,-0.0005475926933465,0.0192837435082616,0.0056247962701335,-0.0368323703614486,0.0452778160256719,0.063,P4_sweep_ask_any_dte,f_mom_align_5d,y_orion_pess,5,,,,,,,,,,
1803,52,5,360,362,0.0055555555555555,0.0193370165745856,-0.01378146101903,-0.0290849498602663,0.0009104438544445,-0.0118231949372669,-0.0911072627973272,0.0422057828331961,0.066,P4_sweep_ask_any_dte,f_oibuild_lag,y_orion_opt,5,,,,,,,,,,
1803,52,5,360,362,0.0055555555555555,0.0193370165745856,-0.01378146101903,-0.0290849498602663,0.0009104438544445,-0.0118231949372669,-0.0911072627973272,0.0422057828331961,0.066,P4_sweep_ask_any_dte,f_oibuild_lag,y_orion_pess,5,,,,,,,,,,
5372,82,5,1074,1075,0.1778398510242085,0.1302325581395348,0.0476072928846736,-0.0030757915147883,0.1069872939926322,0.0404046019593187,-0.0001135341912973,0.0879256843850909,0.067,P4_sweep_ask_any_dte,f_iv,y_tp,5,,,,,,,,,,
681,37,5,133,142,0.0106289450204146,-0.0016204531158025,0.0122493981362171,-0.0005529382966928,0.0387773634505258,0.0063633573196577,-0.1292135106909587,0.111817302325402,0.069,P4_sweep_ask_any_dte,f_rv20,y_und_return_1d,5,,,,,,,,,,
6201,61,5,1240,1241,0.1379032258064516,0.1071716357775987,0.0307315900288529,-0.0025095201367626,0.0585482997650013,0.0303257586344286,-0.0007490627435501,0.0578280909593032,0.07,P4_sweep_ask_any_dte,f_iv_rank,y_tp,5,,,,,,,,,,
4501,71,5,885,905,0.1028248587570621,0.1524861878453038,-0.0496613290882417,-0.1086423047428039,0.0055968086120413,-0.0407960328704152,-0.0907769571540086,0.0012421311543422,0.075,P4_sweep_ask_any_dte,f_mom5d_lag,y_tp,5,,,,,,,,,,
210,8,5,42,43,-0.0081652100026268,0.004350134745301,-0.0125153447479278,-0.0586724333504448,0.0010587225452769,-0.0267051284783256,-0.232726746968251,0.1419550708290978,0.0787481070166582,P4_sweep_ask_any_dte,f_netbull_lag,y_und_return_5d,5,,,,,,,,,,
7405,86,5,1425,1713,0.1557894736842105,0.1266783420899007,0.0291111315943097,-0.0045215966587024,0.0573455054884646,0.0283337670559723,-0.0015690464733345,0.0527548084128884,0.081,P4_sweep_ask_any_dte,f_trade_count,y_tp,5,,,,,,,,,,
4728,74,5,931,946,0.1557465091299677,0.102536997885835,0.0532095112441326,-0.0051087432512245,0.1156095903313968,0.0325859215428649,-0.0146629169532743,0.0845224981084611,0.083,P4_sweep_ask_any_dte,f_mom_align_5d,y_tp,5,,,,,,,,,,
6086,85,5,1217,1218,0.1372226787181594,0.1083743842364532,0.0288482944817062,-0.0052146724790086,0.0730610866511895,0.0188768570685933,-0.0151968522286384,0.0567409122846063,0.09,P4_sweep_ask_any_dte,f_prior_flow,y_tp,5,,,,,,,,,,
4724,73,5,921,955,0.008686210640608,0.025130890052356,-0.0164446794117479,-0.0368204680595096,0.0020859221816368,-0.0430905669096103,-0.0939015293546086,0.0077618939055,0.092,P4_sweep_ask_any_dte,f_hujacobs,y_orion_opt,5,,,,,,,,,,
4724,73,5,921,955,0.008686210640608,0.025130890052356,-0.0164446794117479,-0.0368204680595096,0.0020859221816368,-0.0430905669096103,-0.0939015293546086,0.0077618939055,0.092,P4_sweep_ask_any_dte,f_hujacobs,y_orion_pess,5,,,,,,,,,,
5372,82,5,1074,1075,0.0251396648044692,0.0120930232558139,0.0130466415486553,-0.0025427331355403,0.0300447628444331,0.0356290348886785,-0.0024921078372336,0.0687809608347729,0.103,P4_sweep_ask_any_dte,f_iv,y_orion_opt,5,,,,,,,,,,
5372,82,5,1074,1075,0.0251396648044692,0.0120930232558139,0.0130466415486553,-0.0025427331355403,0.0300447628444331,0.0356290348886785,-0.0024921078372336,0.0687809608347729,0.103,P4_sweep_ask_any_dte,f_iv,y_orion_pess,5,,,,,,,,,,
7405,86,3,4443,1481,-0.0194657168580488,-0.0065125964265585,-0.0129531204314902,-0.0297941510804321,0.0026937720699704,-0.0367690695547489,-0.0666921691528805,-0.0099090689254607,0.107,P4_sweep_ask_any_dte,f_ask_share,y_ret,5,,,,,,,,,,
4729,75,5,937,946,-0.023563221786756,0.0029294412434516,-0.0264926630302076,-0.0670217010230629,0.0056257001155783,-0.03083463268398,-0.0813941726395309,0.0177454748099421,0.107,P4_sweep_ask_any_dte,f_und_1d,y_ret,5,,,,,,,,,,
6201,61,5,1240,1241,-0.0028883497958939,-0.0231632542463491,0.0202749044504552,-0.0046120518333169,0.0420245204400287,0.0262904444000971,-0.0178497600374987,0.0705260283492397,0.11,P4_sweep_ask_any_dte,f_iv_rank,y_ret,5,,,,,,,,,,
700,15,5,140,140,-0.0084733029371389,0.0073623537698672,-0.0158356567070062,-0.0411620710228357,0.0056918622964183,-0.0094935998109696,-0.0785774347748521,0.0456997383691713,0.114,P4_sweep_ask_any_dte,f_otm,y_und_return_5d,5,,,,,,,,,,
7405,86,3,4443,1481,0.12559081701553,0.1444969615124915,-0.0189061444969615,-0.0451945655846251,0.0047249808158156,-0.0278417301416656,-0.0558544400569133,-0.001522332880472,0.119,P4_sweep_ask_any_dte,f_ask_share,y_tp,5,,,,,,,,,,
4655,72,5,929,935,0.1560818083961248,0.1176470588235294,0.0384347495725954,-0.0107657117385084,0.0848381482790609,0.0390332084936951,-0.0028612234557046,0.0778011247226534,0.119,P4_sweep_ask_any_dte,f_sweepshare_lag,y_tp,5,,,,,,,,,,
4729,75,5,937,946,0.1077908217716115,0.1511627906976744,-0.0433719689260628,-0.1068418623735274,0.0111489439521879,-0.037553527413182,-0.0991288211562334,0.0192248782293344,0.125,P4_sweep_ask_any_dte,f_und_1d,y_tp,5,,,,,,,,,,
1183,39,5,237,237,0.0100069978837585,-0.0007672946733032,0.0107742925570617,-0.0024895911817957,0.0299200421053693,0.0133020767612697,-0.1132936663116486,0.166729438592194,0.127,P4_sweep_ask_any_dte,f_iv,y_und_return_1d,5,,,,,,,,,,
6086,85,5,1217,1218,-0.0091909130294305,-0.0259279284241797,0.0167370153947492,-0.0044124271131254,0.0450875271044815,0.0148289233779283,-0.0159234302839031,0.0477721548330687,0.139,P4_sweep_ask_any_dte,f_prior_flow,y_ret,5,,,,,,,,,,
4068,71,5,814,814,0.0098280098280098,0.027027027027027,-0.0171990171990172,-0.0430175209668131,0.0055453434996101,-0.0479951730384446,-0.1004919371482193,0.0112895355869829,0.152,P4_sweep_ask_any_dte,f_hujacobs_lag,y_orion_opt,5,,,,,,,,,,
4068,71,5,814,814,0.0098280098280098,0.027027027027027,-0.0171990171990172,-0.0430175209668131,0.0055453434996101,-0.0479951730384446,-0.1004919371482193,0.0112895355869829,0.152,P4_sweep_ask_any_dte,f_hujacobs_lag,y_orion_pess,5,,,,,,,,,,
4356,71,5,871,872,-0.0006810844590694,-0.0221661886403576,0.0214851041812881,-0.008544225804375,0.0509748647830876,0.0257766761911374,-0.0152315952760551,0.0726661968793682,0.157,P4_sweep_ask_any_dte,f_tox_lag,y_ret,5,,,,,,,,,,
1154,11,5,214,231,0.1635514018691588,0.0735930735930736,0.0899583282760852,-0.0371347574514813,0.1476124988694903,0.1027966798822403,-0.0239902505368262,0.1669512742830945,0.165,P4_sweep_ask_any_dte,f_ts_slope_lag,y_tp,5,,,,,,,,,,
700,15,5,140,140,-0.0060396439085793,0.0137791043675887,-0.019818748276168,-0.0410561471023906,0.0106447079795222,-0.1766397322559479,-0.2949475234001474,0.0071048881945541,0.171,P4_sweep_ask_any_dte,f_logmoney,y_und_return_5d,5,,,,,,,,,,
4379,72,3,664,3343,0.0090361445783132,0.020341011067903,-0.0113048664895898,-0.0240181444594555,0.0068026298708321,-0.0393977957405687,-0.0876991253017207,0.0054711584670831,0.171,P4_sweep_ask_any_dte,f_mktgex_lag,y_orion_opt,5,,,,,,,,,,
4379,72,3,664,3343,0.0090361445783132,0.020341011067903,-0.0113048664895898,-0.0240181444594555,0.0068026298708321,-0.0393977957405687,-0.0876991253017207,0.0054711584670831,0.171,P4_sweep_ask_any_dte,f_mktgex_lag,y_orion_pess,5,,,,,,,,,,
4655,72,5,911,933,-0.0158455663066017,0.0096004436085645,-0.0254460099151662,-0.068609688808819,0.0092003294148751,-0.0221856830008646,-0.0753425309951337,0.0294498241070957,0.172,P4_sweep_ask_any_dte,f_netbull_lag,y_ret,5,,,,,,,,,,
1373,39,5,275,275,0.0061105260740296,0.0018612448522926,0.004249281221737,-0.0020189806194419,0.0186977788875741,0.0155678393475479,-0.0310572079849819,0.0928121018280375,0.18,P4_sweep_ask_any_dte,f_prior_flow_align,y_und_return_1d,5,,,,,,,,,,
679,37,5,136,136,0.0061528424034085,-0.0062488049635604,0.0124016473669689,-0.0078517767911415,0.030742411437367,0.0164612329363355,-0.0782952640921623,0.1193096463865487,0.186,P4_sweep_ask_any_dte,f_und_30d,y_und_return_1d,5,,,,,,,,,,
5766,59,5,1153,1154,0.0190806591500433,0.0095320623916811,0.0095485967583622,-0.0045067594400701,0.0239596117531558,0.0151781607695455,-0.0194455256812419,0.0457516620127367,0.192,P4_sweep_ask_any_dte,f_maxpain_dist,y_orion_opt,5,,,,,,,,,,
5766,59,5,1153,1154,0.0190806591500433,0.0095320623916811,0.0095485967583622,-0.0045067594400701,0.0239596117531558,0.0151781607695455,-0.0194455256812419,0.0457516620127367,0.192,P4_sweep_ask_any_dte,f_maxpain_dist,y_orion_pess,5,,,,,,,,,,
4479,71,5,890,900,0.0101123595505617,0.02,-0.0098876404494382,-0.0279105936014932,0.0042410626422177,-0.0331840785369775,-0.074725862370885,0.0042575795068167,0.197,P4_sweep_ask_any_dte,f_rsi14_lag,y_orion_opt,5,,,,,,,,,,
4479,71,5,890,900,0.0101123595505617,0.02,-0.0098876404494382,-0.0279105936014932,0.0042410626422177,-0.0331840785369775,-0.074725862370885,0.0042575795068167,0.197,P4_sweep_ask_any_dte,f_rsi14_lag,y_orion_pess,5,,,,,,,,,,
210,8,5,42,42,-0.0357331418870286,0.0297267114026839,-0.0654598532897126,-0.271147105359404,0.0364440420396851,-0.2112887876348905,-0.5604806677748652,0.3826719267438142,0.2025450689289501,P4_sweep_ask_any_dte,f_mom_align_5d,y_und_return_5d,5,,,,,,,,,,
700,15,2,560,140,0.0054677776648747,-0.0010579563306003,0.006525733995475,-0.0042709141084313,0.0166666732369075,-0.0070119749285428,-0.065748964004196,0.0360000217822595,0.208,P4_sweep_ask_any_dte,f_ask_share,y_und_return_5d,5,,,,,,,,,,
683,37,5,137,139,0.007695845781959,-0.0010593360025582,0.0087551817845173,-0.0080257626857076,0.0221800813535562,0.0274396204393257,-0.1082692546653105,0.0858995186888005,0.211,P4_sweep_ask_any_dte,f_und_1d,y_und_return_1d,5,,,,,,,,,,
4068,71,5,814,814,0.1216216216216216,0.1818181818181818,-0.0601965601965601,-0.1596811338499456,0.0296741007148319,-0.0336195952493256,-0.1393857569674241,0.0670612850348297,0.223,P4_sweep_ask_any_dte,f_hujacobs_lag,y_tp,5,,,,,,,,,,
4655,72,5,911,933,0.0153677277716794,0.0278670953912111,-0.0124993676195316,-0.0341628919984441,0.0063340744320254,-0.0369025924369827,-0.0765378886209043,0.0079360943598142,0.224,P4_sweep_ask_any_dte,f_netbull_lag,y_orion_opt,5,,,,,,,,,,
4655,72,5,911,933,0.0153677277716794,0.0278670953912111,-0.0124993676195316,-0.0341628919984441,0.0063340744320254,-0.0369025924369827,-0.0765378886209043,0.0079360943598142,0.224,P4_sweep_ask_any_dte,f_netbull_lag,y_orion_pess,5,,,,,,,,,,
1154,11,5,214,231,0.0093457943925233,0.0,0.0093457943925233,0.0,0.02,0.0508947292186393,-0.0457292918412468,0.0833492059214522,0.231,P4_sweep_ask_any_dte,f_ts_slope_lag,y_orion_opt,5,,,,,,,,,,
1154,11,5,214,231,0.0093457943925233,0.0,0.0093457943925233,0.0,0.02,0.0508947292186393,-0.0457292918412468,0.0833492059214522,0.231,P4_sweep_ask_any_dte,f_ts_slope_lag,y_orion_pess,5,,,,,,,,,,
4068,71,5,794,814,0.0226700251889168,0.0098280098280098,0.012842015360907,-0.0058996411661826,0.0352163579633065,0.0180561955538037,-0.0284122985197244,0.0617991811803739,0.232,P4_sweep_ask_any_dte,f_vol20_lag,y_orion_opt,5,,,,,,,,,,
4068,71,5,794,814,0.0226700251889168,0.0098280098280098,0.012842015360907,-0.0058996411661826,0.0352163579633065,0.0180561955538037,-0.0284122985197244,0.0617991811803739,0.232,P4_sweep_ask_any_dte,f_vol20_lag,y_orion_pess,5,,,,,,,,,,
679,36,5,136,137,-0.0003735615192564,0.0095001695101294,-0.0098737310293859,-0.0414970407254318,0.0051603891285346,-0.0162112974124578,-0.1649840799499403,0.1285857310384357,0.2332332332332332,P4_sweep_ask_any_dte,f_mom5d_lag,y_und_return_1d,5,,,,,,,,,,
4068,71,5,794,814,0.1586901763224181,0.1179361179361179,0.0407540583863001,-0.0280537212917415,0.1032935655641747,0.0370901642748343,-0.0259775373396977,0.1030393182439378,0.236,P4_sweep_ask_any_dte,f_vol20_lag,y_tp,5,,,,,,,,,,
4728,74,5,946,955,0.0126849894291754,0.025130890052356,-0.0124459006231805,-0.0349911489229796,0.0084651403760638,-0.0238804920190408,-0.0676444667057342,0.0222705236643814,0.239,P4_sweep_ask_any_dte,f_und_5d,y_orion_opt,5,,,,,,,,,,
4728,74,5,946,955,0.0126849894291754,0.025130890052356,-0.0124459006231805,-0.0349911489229796,0.0084651403760638,-0.0238804920190408,-0.0676444667057342,0.0222705236643814,0.239,P4_sweep_ask_any_dte,f_und_5d,y_orion_pess,5,,,,,,,,,,
4728,74,5,946,955,-0.0149173212115776,0.0070534865660352,-0.0219708077776129,-0.0546564153291186,0.0173316433688899,-0.0276965318750894,-0.0713532491627066,0.0274853532202798,0.241,P4_sweep_ask_any_dte,f_und_5d,y_ret,5,,,,,,,,,,
681,36,5,136,138,0.008862565268762,-0.0019958964531033,0.0108584617218654,-0.0083962273021418,0.032605210499376,0.0658327094228264,-0.1211695988889692,0.1845457645286401,0.253,P4_sweep_ask_any_dte,f_sweepshare_lag,y_und_return_1d,5,,,,,,,,,,
4068,71,5,802,816,-0.0291955354769815,-0.0057916638266214,-0.02340387165036,-0.0617230684410066,0.0143493999363341,-0.0230510504178455,-0.0725562585639031,0.0343384228289538,0.261,P4_sweep_ask_any_dte,f_mom20d_lag,y_ret,5,,,,,,,,,,
6086,85,5,1217,1218,0.0147904683648315,0.0098522167487684,0.004938251616063,-0.0034909815473107,0.01462559588205,0.0092009274862721,-0.0179579950339641,0.0346489736588723,0.263,P4_sweep_ask_any_dte,f_prior_flow_align,y_orion_pess,5,,,,,,,,,,
7405,86,5,1481,1481,0.0108035111411208,0.0155300472653612,-0.0047265361242403,-0.0126443806954972,0.0034285986954646,-0.0090876212550604,-0.0361406178266191,0.0165510104451819,0.264,P4_sweep_ask_any_dte,f_log_prem,y_orion_opt,5,,,,,,,,,,
7405,86,5,1481,1481,0.0108035111411208,0.0155300472653612,-0.0047265361242403,-0.0126443806954972,0.0034285986954646,-0.0090876212550604,-0.0361406178266191,0.0165510104451819,0.264,P4_sweep_ask_any_dte,f_log_prem,y_orion_pess,5,,,,,,,,,,
1568,40,5,289,349,0.0035394391731323,0.0138728781906941,-0.0103334390175618,-0.0243692334685773,0.0048831005635911,-0.0490238311446529,-0.1553415662768676,0.029929787258467,0.266,P4_sweep_ask_any_dte,f_dte,y_und_return_1d,5,,,,,,,,,,
5372,82,5,1074,1075,0.0028023107794069,-0.015047800254417,0.0178501110338239,-0.0121651515088625,0.0498276332530612,-0.0169213055854041,-0.0599615374906869,0.0287045438799977,0.267,P4_sweep_ask_any_dte,f_iv,y_ret,5,,,,,,,,,,
681,36,5,124,141,0.0027635971911008,0.0096254145880806,-0.0068618173969797,-0.021723306382407,0.0060636999968782,-0.0445727723156579,-0.1195442922793519,0.042475534164968,0.268,P4_sweep_ask_any_dte,f_tox_lag,y_und_return_1d,5,,,,,,,,,,
4068,71,5,802,816,0.1197007481296758,0.1433823529411764,-0.0236816048115006,-0.0678319709251936,0.0180274827928833,-0.0309038565754266,-0.0811352176861582,0.0177042367241773,0.29,P4_sweep_ask_any_dte,f_mom20d_lag,y_tp,5,,,,,,,,,,
1803,52,5,353,371,0.1331444759206798,0.1590296495956873,-0.0258851736750074,-0.084926233708827,0.0229874706237443,-0.0202833271104711,-0.0916519247576923,0.046328843270241,0.3,P4_sweep_ask_any_dte,f_oimom_lag,y_tp,5,,,,,,,,,,
6086,85,5,1217,1218,-0.0102783317047896,-0.0288504537980459,0.0185721220932562,-0.0137576666053103,0.0516637640679434,0.0198444162609107,-0.0412892929291067,0.0777194589105847,0.3,P4_sweep_ask_any_dte,f_prior_flow_align,y_ret,5,,,,,,,,,,
4724,73,5,921,955,0.1292073832790445,0.1727748691099476,-0.0435674858309031,-0.1406756766302967,0.0355140976948543,-0.0205329436099497,-0.1305898530555119,0.0676927566337877,0.31,P4_sweep_ask_any_dte,f_hujacobs,y_tp,5,,,,,,,,,,
677,36,2,36,641,0.0194484523463151,0.0008804868395307,0.0185679655067844,-0.0157121296799235,0.0564385067097606,0.1185577549872921,-0.0418138004290647,0.3000363719000086,0.31,P4_sweep_ask_any_dte,f_gamma_lag,y_und_return_1d,5,,,,,,,,,,
6086,85,5,1209,1561,0.1166253101736972,0.1358103779628443,-0.019185067789147,-0.0620872476156609,0.017149938072634,-0.0135133113542459,-0.0580524507410366,0.021251258766798,0.313,P4_sweep_ask_any_dte,f_prior_cnt,y_tp,5,,,,,,,,,,
4379,72,3,664,3343,-0.0239888570461081,-0.0009728566460885,-0.0230160004000195,-0.051885410992589,0.0214455611958076,-0.0265884451037005,-0.0847706846149011,0.0391643327485294,0.317,P4_sweep_ask_any_dte,f_mktgex_lag,y_ret,5,,,,,,,,,,
4501,71,5,885,905,0.0135593220338983,0.0232044198895027,-0.0096450978556044,-0.0296356150194277,0.0078870998587011,-0.0170754447832102,-0.0613932167514538,0.0270981355033215,0.323,P4_sweep_ask_any_dte,f_mom5d_lag,y_orion_opt,5,,,,,,,,,,
4501,71,5,885,905,0.0135593220338983,0.0232044198895027,-0.0096450978556044,-0.0296356150194277,0.0078870998587011,-0.0170754447832102,-0.0613932167514538,0.0270981355033215,0.323,P4_sweep_ask_any_dte,f_mom5d_lag,y_orion_pess,5,,,,,,,,,,
6086,85,5,1217,1218,0.0147904683648315,0.0106732348111658,0.0041172335536657,-0.0053465058207767,0.0125743919610523,0.0152279534151507,-0.0060174966312736,0.0381509487971938,0.335,P4_sweep_ask_any_dte,f_prior_flow,y_orion_pess,5,,,,,,,,,,
4552,72,2,131,4421,0.1908396946564885,0.1359420945487446,0.0548976001077439,-0.0473147723364866,0.1443295521981677,0.0153408272330265,-0.0111088828242379,0.0449391833521232,0.338,P4_sweep_ask_any_dte,f_gamma_lag,y_tp,5,,,,,,,,,,
208,8,5,42,45,-0.0153151801935546,-0.0023057184236748,-0.0130094617698798,-0.1846400367520922,0.0290761230746922,-0.0891429211628177,-0.2866805920874091,-0.0355310988107085,0.3426791277258567,P4_sweep_ask_any_dte,f_und_30d,y_und_return_5d,5,,,,,,,,,,
1524,40,5,305,305,0.0095750576658489,0.0031751290544654,0.0063999286113834,-0.0081549987392296,0.0180103405378569,0.085827324769394,0.0014638369535081,0.1800731222609276,0.345,P4_sweep_ask_any_dte,f_vol_oi,y_und_return_1d,5,,,,,,,,,,
624,36,5,125,125,0.0015700313763517,0.0108583717983618,-0.00928834042201,-0.0439775694713198,0.0077381018573065,0.0201174704513064,-0.1155833960856597,0.1356713168547349,0.345,P4_sweep_ask_any_dte,f_mom20d_lag,y_und_return_1d,5,,,,,,,,,,
1568,40,5,314,314,0.001094229024683,0.0135365549567536,-0.0124423259320706,-0.0333688894613017,0.0088327055036125,-0.0195053285167546,-0.106411666246821,0.0783346159268794,0.346,P4_sweep_ask_any_dte,f_otm,y_und_return_1d,5,,,,,,,,,,
4552,72,2,131,4421,0.0305343511450381,0.0162859081655734,0.0142484429794647,-0.0124627416184092,0.0510395251006847,0.0009477493687993,-0.0522734181695121,0.0589965801325108,0.348,P4_sweep_ask_any_dte,f_gamma_lag,y_orion_opt,5,,,,,,,,,,
4552,72,2,131,4421,0.0305343511450381,0.0162859081655734,0.0142484429794647,-0.0124627416184092,0.0510395251006847,0.0009477493687993,-0.0522734181695121,0.0589965801325108,0.348,P4_sweep_ask_any_dte,f_gamma_lag,y_orion_pess,5,,,,,,,,,,
5372,82,5,1075,1075,0.1413953488372093,0.121860465116279,0.0195348837209302,-0.0212547798638346,0.0678839157490696,0.0270986872787315,-0.0107733431451639,0.0724810002691817,0.367,P4_sweep_ask_any_dte,f_abs_delta,y_tp,5,,,,,,,,,,
1568,40,5,293,386,0.0006916260864183,0.0037849522442557,-0.0030933261578373,-0.0145633656468144,0.0026334674860862,-0.0113718356550157,-0.0985781332079999,0.0356287655339362,0.37,P4_sweep_ask_any_dte,f_trade_count,y_und_return_1d,5,,,,,,,,,,
3059,68,5,600,629,0.1333333333333333,0.1112877583465818,0.0220455749867514,-0.0304052250736332,0.0697989405084228,0.0215264519076388,-0.0344995087269096,0.0787891123210212,0.381,P4_sweep_ask_any_dte,f_osivrank_lag,y_tp,5,,,,,,,,,,
681,37,5,136,138,0.0116346187105331,-0.0045044332308846,0.0161390519414177,-0.0309360470157238,0.0460468499963832,0.1422422876880875,-0.149956007564172,0.3494663480980444,0.4,P4_sweep_ask_any_dte,f_hujacobs,y_und_return_1d,5,,,,,,,,,,
7405,86,5,1481,1481,0.1093855503038487,0.0979068197164078,0.0114787305874409,-0.0154826838389,0.0389383328460134,0.0007053963952476,-0.0240231450209966,0.0237529577425526,0.401,P4_sweep_ask_any_dte,f_otm,y_tp,5,,,,,,,,,,
1568,40,3,941,314,0.0042433303766482,0.0015763999977861,0.0026669303788621,-0.0047033749213249,0.0084825453178459,0.0151359504736072,-0.0414455735721131,0.0771861939179347,0.405,P4_sweep_ask_any_dte,f_ask_share,y_und_return_1d,5,,,,,,,,,,
1568,40,5,314,314,0.0008976548256669,0.0079724816191693,-0.0070748267935023,-0.0244305782611777,0.0068694131564536,-0.0512783231458724,-0.1487020509642735,0.0312477389287801,0.406,P4_sweep_ask_any_dte,f_log_prem,y_und_return_1d,5,,,,,,,,,,
6086,85,5,1209,1561,-0.0270393452765399,-0.0134097382774529,-0.013629606999087,-0.0388069430331324,0.0174836722898421,-0.0070059752527093,-0.0528699732126929,0.0411614549106787,0.409,P4_sweep_ask_any_dte,f_prior_cnt,y_ret,5,,,,,,,,,,
3059,68,5,600,629,0.0116666666666666,0.0174880763116057,-0.005821409644939,-0.019103205966943,0.0095607173045017,-0.0100292610467708,-0.0607369073624324,0.0330098464128077,0.41,P4_sweep_ask_any_dte,f_osivrank_lag,y_orion_opt,5,,,,,,,,,,
3059,68,5,600,629,0.0116666666666666,0.0174880763116057,-0.005821409644939,-0.019103205966943,0.0095607173045017,-0.0100292610467708,-0.0607369073624324,0.0330098464128077,0.41,P4_sweep_ask_any_dte,f_osivrank_lag,y_orion_pess,5,,,,,,,,,,
516,33,5,96,104,0.0067657656770722,-0.0005599992012186,0.0073257648782908,-0.0106744645096613,0.0302015233586803,-0.0162164872299007,-0.1468297149761415,0.151407650945084,0.414,P4_sweep_ask_any_dte,f_osivrank_lag,y_und_return_1d,5,,,,,,,,,,
208,8,5,42,42,-0.0298952430431542,-0.0108387949574899,-0.0190564480856642,-0.0907741789384882,0.0173304380921498,-0.0752795128957913,-0.4082711184493718,0.0548160136506493,0.4150375939849624,P4_sweep_ask_any_dte,f_vrp,y_und_return_5d,5,,,,,,,,,,
208,8,5,42,47,0.014346523325004,-0.0049117882601172,0.0192583115851213,-0.0233692007144773,0.064352240633356,0.1082626100501139,0.0301365682884396,0.3285689173549082,0.4195372750642673,P4_sweep_ask_any_dte,f_rsi14_lag,y_und_return_5d,5,,,,,,,,,,
4655,72,5,911,933,0.1383095499451152,0.1672025723472668,-0.0288930224021516,-0.1088204575681768,0.0371202631996194,-0.0260645788816938,-0.0913303838985433,0.033135253430836,0.423,P4_sweep_ask_any_dte,f_netbull_lag,y_tp,5,,,,,,,,,,
700,15,5,131,186,-0.0020616895466239,0.0039923232685518,-0.0060540128151757,-0.0238275530939758,0.0113987127935108,-0.0200815751146054,-0.0902545743122486,0.0514290277597162,0.426,P4_sweep_ask_any_dte,f_dte,y_und_return_5d,5,,,,,,,,,,
1568,40,5,314,314,0.0018144449049549,0.0127984818476669,-0.010984036942712,-0.0392246005067203,0.0143686935751937,-0.055961454742478,-0.2233616229386503,0.086940432125255,0.445,P4_sweep_ask_any_dte,f_logmoney,y_und_return_1d,5,,,,,,,,,,
7405,86,5,1398,1520,-0.0077202374131065,-0.0199717334020333,0.0122514959889267,-0.0186847706206837,0.0412829276546946,0.1236500889777061,0.0769059372360143,0.1690837077405438,0.452,P4_sweep_ask_any_dte,f_dte,y_ret,5,,,,,,,,,,
700,15,5,137,160,-0.0003062038820248,0.0041193790054296,-0.0044255828874545,-0.0193812797153022,0.0103234668965149,0.0303211370383357,-0.0527516850182714,0.1002004491553847,0.464,P4_sweep_ask_any_dte,f_trade_count,y_und_return_5d,5,,,,,,,,,,
1803,52,5,360,362,0.1111111111111111,0.1519337016574585,-0.0408225905463474,-0.1232314595552709,0.0685115962463273,-0.0051561234577871,-0.0906003781122671,0.0910509341760963,0.465,P4_sweep_ask_any_dte,f_oibuild_lag,y_tp,5,,,,,,,,,,
1803,52,5,353,371,0.0042363576975512,-0.0192175581202966,0.0234539158178479,-0.0309112879561968,0.0820475542305616,0.0296910236217109,-0.0458274186083904,0.1291964145843256,0.466,P4_sweep_ask_any_dte,f_oimom_lag,y_ret,5,,,,,,,,,,
4068,71,5,802,816,0.013715710723192,0.0220588235294117,-0.0083431128062197,-0.0318862352594435,0.0090059407866977,-0.0212677241170666,-0.0629024110996569,0.0223187979795199,0.467,P4_sweep_ask_any_dte,f_mom20d_lag,y_orion_opt,5,,,,,,,,,,
4068,71,5,802,816,0.013715710723192,0.0220588235294117,-0.0083431128062197,-0.0318862352594435,0.0090059407866977,-0.0212677241170666,-0.0629024110996569,0.0223187979795199,0.467,P4_sweep_ask_any_dte,f_mom20d_lag,y_orion_pess,5,,,,,,,,,,
7245,86,5,1449,1449,-0.0114029779787993,-0.021202926086412,0.0097999481076126,-0.0152105211964544,0.0352812836299282,-0.0079324433914618,-0.0489150112193295,0.0312514849812545,0.469,P4_sweep_ask_any_dte,f_vol_oi,y_ret,5,,,,,,,,,,
7405,86,5,1481,1481,-0.0134932391679242,-0.0065194204507144,-0.0069738187172097,-0.0240855668623747,0.0102910710963699,-0.0367516954992155,-0.0673352308389604,-0.0071870498695125,0.474,P4_sweep_ask_any_dte,f_otm,y_ret,5,,,,,,,,,,
3059,68,5,612,612,0.0147058823529411,0.022875816993464,-0.0081699346405228,-0.032854653517404,0.019721807690752,-0.0150590739495265,-0.074986356362009,0.040910941633169,0.478,P4_sweep_ask_any_dte,f_osiv_lag,y_orion_opt,5,,,,,,,,,,
3059,68,5,612,612,0.0147058823529411,0.022875816993464,-0.0081699346405228,-0.032854653517404,0.019721807690752,-0.0150590739495265,-0.074986356362009,0.040910941633169,0.478,P4_sweep_ask_any_dte,f_osiv_lag,y_orion_pess,5,,,,,,,,,,
1183,39,5,237,237,0.0078464781370244,-0.0004995138469254,0.0083459919839499,-0.0080065270054985,0.027059443894795,-0.0209409941995025,-0.0934805068305098,0.0487283708007112,0.492,P4_sweep_ask_any_dte,f_abs_delta,y_und_return_1d,5,,,,,,,,,,
613,15,5,123,123,-0.0020815670025869,0.0066952930238458,-0.0087768600264328,-0.0356855059008567,0.0129139519592016,-0.0600862489327477,-0.1957256515105113,0.0787257197436877,0.5052526263131566,P4_sweep_ask_any_dte,f_prior_flow,y_und_return_5d,5,,,,,,,,,,
7405,86,3,4443,1481,0.0164303398604546,0.013504388926401,0.0029259509340535,-0.0060295417832027,0.0111902529028631,0.0094346603265821,-0.0182710502320587,0.0353660054056352,0.529,P4_sweep_ask_any_dte,f_ask_share,y_orion_opt,5,,,,,,,,,,
7405,86,3,4443,1481,0.0164303398604546,0.013504388926401,0.0029259509340535,-0.0060295417832027,0.0111902529028631,0.0094346603265821,-0.0182710502320587,0.0353660054056352,0.529,P4_sweep_ask_any_dte,f_ask_share,y_orion_pess,5,,,,,,,,,,
7405,86,5,1458,1487,0.1598079561042524,0.1445864156018829,0.0152215405023694,-0.0290267605292239,0.0681202853981004,0.0098211273066172,-0.033378010210184,0.0637822141782922,0.537,P4_sweep_ask_any_dte,f_minutes_close,y_tp,5,,,,,,,,,,
4479,71,5,890,900,0.1202247191011235,0.1311111111111111,-0.0108863920099875,-0.0458518164755755,0.0229485066165002,-0.026008694600805,-0.0719820154817319,0.0188845895338586,0.538,P4_sweep_ask_any_dte,f_rsi14_lag,y_tp,5,,,,,,,,,,
6201,61,5,1240,1241,0.0177419354838709,0.0136986301369863,0.0040433053468846,-0.0081382332816067,0.0151665397356635,0.0050224916880275,-0.0268640533974901,0.0346862243389965,0.541,P4_sweep_ask_any_dte,f_iv_rank,y_orion_opt,5,,,,,,,,,,
6201,61,5,1240,1241,0.0177419354838709,0.0136986301369863,0.0040433053468846,-0.0081382332816067,0.0151665397356635,0.0050224916880275,-0.0268640533974901,0.0346862243389965,0.541,P4_sweep_ask_any_dte,f_iv_rank,y_orion_pess,5,,,,,,,,,,
208,8,5,37,42,0.0091533051244329,-0.0120926830887231,0.021245988213156,-0.0748915384417219,0.1823554046109623,0.1182849113793168,0.006786102266086,0.396091895225204,0.5428126621691749,P4_sweep_ask_any_dte,f_mom20d_lag,y_und_return_5d,5,,,,,,,,,,
7405,86,5,1481,1481,-0.010940231599479,-0.0160045276594531,0.0050642960599741,-0.0111501776175735,0.021275221083421,0.0332293105163346,0.004425496867658,0.0606442308203218,0.55,P4_sweep_ask_any_dte,f_log_prem,y_ret,5,,,,,,,,,,
1154,11,5,214,231,-0.0185228446245676,-0.0321895542148669,0.0136667095902992,-0.0355847432315988,0.0519775547873128,0.0018016432878737,-0.0603305618560535,0.0650679482227931,0.564,P4_sweep_ask_any_dte,f_ts_slope_lag,y_ret,5,,,,,,,,,,
7405,86,5,1468,1530,0.1450953678474114,0.1594771241830065,-0.014381756335595,-0.0670303990434527,0.0290632506602967,-0.0097838882739346,-0.0637470314402307,0.0334204846177778,0.565,P4_sweep_ask_any_dte,f_minutes_open,y_tp,5,,,,,,,,,,
4724,73,5,938,948,0.138592750533049,0.120253164556962,0.018339585976087,-0.0369261068414515,0.0760615899240838,0.0310261517708885,-0.0257740235540483,0.087510993935197,0.567,P4_sweep_ask_any_dte,f_rv20,y_tp,5,,,,,,,,,,
7405,86,5,1458,1487,0.0219478737997256,0.0181573638197713,0.0037905099799542,-0.0089951020300934,0.0158519471256796,0.0011698190753444,-0.0342056443178008,0.0337745403523771,0.572,P4_sweep_ask_any_dte,f_minutes_close,y_orion_opt,5,,,,,,,,,,
7405,86,5,1458,1487,0.0219478737997256,0.0181573638197713,0.0037905099799542,-0.0089951020300934,0.0158519471256796,0.0011698190753444,-0.0342056443178008,0.0337745403523771,0.572,P4_sweep_ask_any_dte,f_minutes_close,y_orion_pess,5,,,,,,,,,,
540,13,5,108,108,0.0087497953767525,0.0026490597252746,0.0061007356514778,-0.0155810329917206,0.0369963669306267,-0.0155321175030862,-0.1009247574857778,0.1291060328140148,0.576,P4_sweep_ask_any_dte,f_abs_delta,y_und_return_5d,5,,,,,,,,,,
4479,71,5,890,900,-0.012258737578377,-0.0036287091920467,-0.0086300283863303,-0.0347281161756707,0.0193313112911593,-0.012457488155477,-0.0537497019625441,0.031500341269662,0.577,P4_sweep_ask_any_dte,f_rsi14_lag,y_ret,5,,,,,,,,,,
4379,72,3,664,3343,0.1234939759036144,0.149865390367933,-0.0263714144643185,-0.0880996605538614,0.0766973525869097,-0.0638302392385369,-0.138532464928859,0.0227616956644798,0.584,P4_sweep_ask_any_dte,f_mktgex_lag,y_tp,5,,,,,,,,,,
4655,72,5,929,935,0.0055792664398641,-0.0041963647299923,0.0097756311698565,-0.0266654148741751,0.0459993888212487,0.023461660428569,-0.0198005275674357,0.0657494091893668,0.591,P4_sweep_ask_any_dte,f_sweepshare_lag,y_ret,5,,,,,,,,,,
210,8,5,42,43,-0.0130393215256293,-0.0211088238811965,0.0080695023555671,-0.0187511292370749,0.0619842848772121,0.0207042189395808,-0.0956747400120085,0.2213775255676628,0.5914567360350493,P4_sweep_ask_any_dte,f_und_5d,y_und_return_5d,5,,,,,,,,,,
1373,39,5,275,300,0.0048138362237818,0.0031060152497993,0.0017078209739824,-0.007513446119,0.0097685193615929,0.0418058191427452,-0.0462181575063392,0.1303285462398824,0.6098294884653962,P4_sweep_ask_any_dte,f_prior_cnt,y_und_return_1d,5,,,,,,,,,,
3059,68,5,600,629,-0.0043096282716202,-0.0114353198138248,0.0071256915422046,-0.0224241966516885,0.0396581319143747,0.0288451922988748,-0.0282517529087574,0.0979439344597329,0.616,P4_sweep_ask_any_dte,f_osivrank_lag,y_ret,5,,,,,,,,,,
4716,73,5,943,945,-0.0051256248536919,-0.0168724616607526,0.0117468368070606,-0.0321388803762213,0.054586872067636,0.0104430481986191,-0.0506949512122676,0.0711469641051954,0.62,P4_sweep_ask_any_dte,f_und_30d,y_ret,5,,,,,,,,,,
613,15,5,123,123,0.0091323398699315,-0.0028816818279192,0.0120140216978507,-0.0111544342023723,0.0431297816684121,0.0674312828881687,-0.045303733381197,0.1832380549688889,0.6249374061091637,P4_sweep_ask_any_dte,f_prior_flow_align,y_und_return_5d,5,,,,,,,,,,
624,36,5,125,125,0.0082930425974595,-0.0023146955528099,0.0106077381502694,-0.0394585466959161,0.0460284779604368,0.1081853976249399,-0.1959918233331681,0.3745936220087899,0.626,P4_sweep_ask_any_dte,f_hujacobs_lag,y_und_return_1d,5,,,,,,,,,,
3059,68,5,612,612,0.1437908496732026,0.1258169934640522,0.0179738562091503,-0.0510616490171615,0.0869811172241946,0.0103919028935543,-0.0650557640493277,0.0971271019673274,0.633,P4_sweep_ask_any_dte,f_osiv_lag,y_tp,5,,,,,,,,,,
7405,86,5,1468,1530,-0.0157784613688645,-0.0212082259316763,0.0054297645628118,-0.0187956018006538,0.0286085889733741,0.0374784075214561,0.0007043697723548,0.0698708863532816,0.669,P4_sweep_ask_any_dte,f_minutes_open,y_ret,5,,,,,,,,,,
7405,86,5,1458,1487,-0.0213152499819114,-0.0160826734401053,-0.0052325765418061,-0.0288474439766058,0.0194698253509883,-0.0374360055010122,-0.0698268752474484,-0.0004674136712511,0.675,P4_sweep_ask_any_dte,f_minutes_close,y_ret,5,,,,,,,,,,
5372,82,5,1075,1075,0.0176744186046511,0.0148837209302325,0.0027906976744186,-0.0104503245592291,0.0153347605766281,-0.0004474372865686,-0.0309358051878032,0.0293615554908628,0.677,P4_sweep_ask_any_dte,f_abs_delta,y_orion_opt,5,,,,,,,,,,
5372,82,5,1075,1075,0.0176744186046511,0.0148837209302325,0.0027906976744186,-0.0104503245592291,0.0153347605766281,-0.0004474372865686,-0.0309358051878032,0.0293615554908628,0.677,P4_sweep_ask_any_dte,f_abs_delta,y_orion_pess,5,,,,,,,,,,
1803,52,5,353,371,0.0283286118980169,0.0188679245283018,0.0094606873697151,-0.0216153323603363,0.0375287041290058,0.0050088412049505,-0.0865064718263077,0.053727344438155,0.684,P4_sweep_ask_any_dte,f_oimom_lag,y_orion_opt,5,,,,,,,,,,
1803,52,5,353,371,0.0283286118980169,0.0188679245283018,0.0094606873697151,-0.0216153323603363,0.0375287041290058,0.0050088412049505,-0.0865064718263077,0.053727344438155,0.684,P4_sweep_ask_any_dte,f_oimom_lag,y_orion_pess,5,,,,,,,,,,
6086,85,5,1209,1561,0.010752688172043,0.0128122998078155,-0.0020596116357724,-0.0128240473744093,0.0066570142613629,-0.0002653356374336,-0.0275938001339517,0.0264842984780897,0.685,P4_sweep_ask_any_dte,f_prior_cnt,y_orion_pess,5,,,,,,,,,,
1323,24,5,265,267,0.0047960671502913,0.007537179055854,-0.0027411119055626,-0.0167852711791122,0.0103501174392432,-0.032224461683752,-0.141002464332421,0.0520495513983678,0.692,P4_sweep_ask_any_dte,f_iv_rank,y_und_return_1d,5,,,,,,,,,,
681,36,2,76,605,-0.0012719074313362,0.0021695719982723,-0.0034414794296086,-0.0213399412319272,0.0125547573783242,-0.0178350340970451,-0.1103270655311146,0.1415865684514387,0.693,P4_sweep_ask_any_dte,f_mktgex_lag,y_und_return_1d,5,,,,,,,,,,
4724,73,5,938,948,0.0191897654584221,0.0147679324894514,0.0044218329689706,-0.0126969854417289,0.0233879799813741,0.0079392635528211,-0.0400093023873528,0.0489448678881796,0.696,P4_sweep_ask_any_dte,f_rv20,y_orion_opt,5,,,,,,,,,,
4724,73,5,938,948,0.0191897654584221,0.0147679324894514,0.0044218329689706,-0.0126969854417289,0.0233879799813741,0.0079392635528211,-0.0400093023873528,0.0489448678881796,0.696,P4_sweep_ask_any_dte,f_rv20,y_orion_pess,5,,,,,,,,,,
689,15,5,138,138,0.0054046896139642,0.0077841346662507,-0.0023794450522865,-0.0214418840484338,0.0111699999824425,0.0237348791028357,-0.0773552629447,0.0947700351248406,0.7,P4_sweep_ask_any_dte,f_vol_oi,y_und_return_5d,5,,,,,,,,,,
613,15,5,119,129,0.0090432614183658,0.0055257170293715,0.0035175443889943,-0.0158119336137432,0.0256173596878165,0.0324973676669187,-0.0539681598328549,0.1106093164853328,0.7031642390758412,P4_sweep_ask_any_dte,f_prior_cnt,y_und_return_5d,5,,,,,,,,,,
676,36,5,132,136,-0.0020008605648332,0.0006854786276363,-0.0026863391924695,-0.023543362929791,0.0121025426282914,-0.0289844522064844,-0.1611730676170929,0.0590182678092737,0.707,P4_sweep_ask_any_dte,f_vrp,y_und_return_1d,5,,,,,,,,,,
4728,74,5,946,955,0.135306553911205,0.1455497382198952,-0.0102431843086902,-0.0556585322889503,0.0569703131749019,-0.003591078524382,-0.0473095631953087,0.0556437826860661,0.707,P4_sweep_ask_any_dte,f_und_5d,y_tp,5,,,,,,,,,,
7405,86,5,1468,1530,0.018392370572207,0.0209150326797385,-0.0025226621075314,-0.0142796601230573,0.0100105649274074,-0.0011573387804893,-0.0336939384926524,0.0343007771593602,0.715,P4_sweep_ask_any_dte,f_minutes_open,y_orion_opt,5,,,,,,,,,,
7405,86,5,1468,1530,0.018392370572207,0.0209150326797385,-0.0025226621075314,-0.0142796601230573,0.0100105649274074,-0.0011573387804893,-0.0336939384926524,0.0343007771593602,0.715,P4_sweep_ask_any_dte,f_minutes_open,y_orion_pess,5,,,,,,,,,,
208,8,5,42,43,0.0053886211867117,-0.0217905707351987,0.0271791919219104,-0.2540938837470474,0.1101051686081089,0.1309623500048615,-0.6808570349320553,0.5896315398332327,0.7245478036175711,P4_sweep_ask_any_dte,f_hujacobs,y_und_return_5d,5,,,,,,,,,,
4728,74,5,931,946,-0.0068500155953649,-0.0160263581841389,0.009176342588774,-0.0371320095348805,0.0630145845463414,-0.0083601950567517,-0.0847256964807649,0.0868403180486703,0.725,P4_sweep_ask_any_dte,f_mom_align_5d,y_ret,5,,,,,,,,,,
208,8,5,42,42,0.0065920965188048,-0.0203459510415274,0.0269380475603323,-0.2588382246811549,0.1120217758959798,0.1534345008198988,-0.6817238964710856,0.6156566940209579,0.7266149870801034,P4_sweep_ask_any_dte,f_hujacobs_lag,y_und_return_5d,5,,,,,,,,,,
1323,24,5,265,265,0.005943884270635,0.0085275633643037,-0.0025836790936687,-0.0147906347180517,0.0136849755781081,0.0139938630218781,-0.0732463378942982,0.0982389777738443,0.733,P4_sweep_ask_any_dte,f_maxpain_dist,y_und_return_1d,5,,,,,,,,,,
683,37,5,137,137,0.0082714615585176,0.0051677194707011,0.0031037420878164,-0.0190835624433905,0.0253697225945549,0.0221841295338892,-0.1182289060636342,0.1556602232351091,0.751,P4_sweep_ask_any_dte,f_und_5d,y_und_return_1d,5,,,,,,,,,,
4716,73,5,943,945,0.016967126193001,0.0137566137566137,0.0032105124363873,-0.0131601178450744,0.0232252800966371,0.0067508138180331,-0.0375975854508593,0.053622846435078,0.751,P4_sweep_ask_any_dte,f_und_30d,y_orion_opt,5,,,,,,,,,,
4716,73,5,943,945,0.016967126193001,0.0137566137566137,0.0032105124363873,-0.0131601178450744,0.0232252800966371,0.0067508138180331,-0.0375975854508593,0.053622846435078,0.751,P4_sweep_ask_any_dte,f_und_30d,y_orion_pess,5,,,,,,,,,,
7405,86,5,1425,1713,-0.0103431781617434,-0.007895215964644,-0.0024479621970993,-0.0198101161536187,0.014500643076019,-0.0281722410894244,-0.0517688617583113,-0.0053939891448169,0.756,P4_sweep_ask_any_dte,f_trade_count,y_ret,5,,,,,,,,,,
663,14,5,132,134,0.009715767638492,0.0092673141229069,0.000448453515585,-0.0174666495168594,0.0243714671797364,0.020984306772615,-0.1084002029701537,0.1985897939988326,0.77,P4_sweep_ask_any_dte,f_maxpain_dist,y_und_return_5d,5,,,,,,,,,,
540,13,5,106,108,0.0078288896686155,0.0026274607306275,0.005201428937988,-0.0303746881335282,0.0547874245114803,-0.0087268780154619,-0.1358249118306101,0.1660266340482076,0.771,P4_sweep_ask_any_dte,f_iv,y_und_return_5d,5,,,,,,,,,,
4356,71,5,871,872,0.018369690011481,0.0160550458715596,0.0023146441399214,-0.0181447418230951,0.0197925007795866,0.0130819646088392,-0.0278332746370856,0.0566350534992919,0.774,P4_sweep_ask_any_dte,f_tox_lag,y_orion_opt,5,,,,,,,,,,
4356,71,5,871,872,0.018369690011481,0.0160550458715596,0.0023146441399214,-0.0181447418230951,0.0197925007795866,0.0130819646088392,-0.0278332746370856,0.0566350534992919,0.774,P4_sweep_ask_any_dte,f_tox_lag,y_orion_pess,5,,,,,,,,,,
210,8,5,42,44,-0.012840205598608,-0.0145658628426295,0.0017256572440215,-0.0146914807764553,0.0615250481674727,0.0054742691681137,-0.0646828655566159,0.3111804255667255,0.7801268498942917,P4_sweep_ask_any_dte,f_sweepshare_lag,y_und_return_5d,5,,,,,,,,,,
3059,68,5,612,612,-0.012024939786467,-0.0058611453582872,-0.0061637944281798,-0.044406443489876,0.038207895078452,-0.0278654970264826,-0.0895550864596158,0.0458598124705689,0.799,P4_sweep_ask_any_dte,f_osiv_lag,y_ret,5,,,,,,,,,,
700,15,5,140,140,0.0019335361894319,-0.0006259883964038,0.0025595245858358,-0.0142467526572004,0.0246299955728951,0.006882055640936,-0.0985099061889702,0.1219515497839789,0.8,P4_sweep_ask_any_dte,f_log_prem,y_und_return_5d,5,,,,,,,,,,
4176,73,5,834,836,0.1342925659472422,0.1411483253588516,-0.0068557594116094,-0.0766361129550934,0.0533019742938176,-0.007438379954287,-0.0770792394713819,0.0563270053033314,0.806,P4_sweep_ask_any_dte,f_vrp,y_tp,5,,,,,,,,,,
4716,73,5,943,945,0.1336161187698833,0.1259259259259259,0.0076901928439574,-0.0497849150209694,0.062853398576277,-0.003797967375163,-0.0541807436397019,0.0549293238917396,0.808,P4_sweep_ask_any_dte,f_und_30d,y_tp,5,,,,,,,,,,
1568,40,5,311,327,0.0042173106685149,0.0019993231406101,0.0022179875279048,-0.0163388568932245,0.0240613440733219,0.0458524130948499,-0.0859153570842454,0.1923847432312815,0.819,P4_sweep_ask_any_dte,f_minutes_open,y_und_return_1d,5,,,,,,,,,,
208,8,5,42,47,-0.0048745610551377,0.0001879634127298,-0.0050625244678675,-0.1364184530453359,0.0860144965873734,-0.0874377303133842,-0.3302643679098342,0.1274982943366079,0.8284690220174091,P4_sweep_ask_any_dte,f_rv20,y_und_return_5d,5,,,,,,,,,,
1373,39,5,275,275,0.0053165393583129,0.0029815544926844,0.0023349848656284,-0.0128657429270158,0.0172660500650803,-0.0118711476759371,-0.0993590330173291,0.1121028440910872,0.841,P4_sweep_ask_any_dte,f_prior_flow,y_und_return_1d,5,,,,,,,,,,
5766,59,5,1153,1154,-0.0083811078772299,-0.0040184843927114,-0.0043626234845185,-0.0399787307271925,0.0277270750716618,-0.0152185679942283,-0.0595894949260021,0.0379719341095068,0.843,P4_sweep_ask_any_dte,f_maxpain_dist,y_ret,5,,,,,,,,,,
4501,71,5,885,905,-0.0181206958056029,-0.0149845277709377,-0.0031361680346651,-0.0346515280807897,0.0287246556092928,0.0111171858504788,-0.0324920590126766,0.0562203693515944,0.846,P4_sweep_ask_any_dte,f_mom5d_lag,y_ret,5,,,,,,,,,,
1568,40,5,309,316,0.0025050007113737,0.0041141161329365,-0.0016091154215628,-0.0243778826023457,0.0173497562084469,-0.0458496939943164,-0.1922487065894925,0.085917656023778,0.869,P4_sweep_ask_any_dte,f_minutes_close,y_und_return_1d,5,,,,,,,,,,
4176,73,5,834,836,0.0191846522781774,0.020334928229665,-0.0011502759514876,-0.0260035993065536,0.020170897001311,-0.0106805026221951,-0.0670132531103964,0.0446293915532496,0.875,P4_sweep_ask_any_dte,f_vrp,y_orion_opt,5,,,,,,,,,,
4176,73,5,834,836,0.0191846522781774,0.020334928229665,-0.0011502759514876,-0.0260035993065536,0.020170897001311,-0.0106805026221951,-0.0670132531103964,0.0446293915532496,0.875,P4_sweep_ask_any_dte,f_vrp,y_orion_pess,5,,,,,,,,,,
4356,71,5,871,872,0.1228473019517795,0.125,-0.0021526980482204,-0.0489326760897267,0.0409354297190364,-0.0052656371823532,-0.0527581088857722,0.0462196622415263,0.879,P4_sweep_ask_any_dte,f_tox_lag,y_tp,5,,,,,,,,,,
700,15,5,137,143,0.0063348593456437,0.00298985387045,0.0033450054751936,-0.0394563006687476,0.0310759735360739,-0.028337980967955,-0.1760697984143315,0.1414809472553178,0.884,P4_sweep_ask_any_dte,f_minutes_close,y_und_return_5d,5,,,,,,,,,,
5766,59,5,1153,1154,0.1474414570685169,0.1438474870017331,0.0035939700667838,-0.0615260740579928,0.0613034023282676,-0.0021109449543597,-0.0553620269966923,0.0547287821164114,0.897,P4_sweep_ask_any_dte,f_maxpain_dist,y_tp,5,,,,,,,,,,
4068,71,5,814,814,-0.004604280019073,-0.0087296080814777,0.0041253280624046,-0.0770293778855876,0.0765503407066713,0.061590557134056,-0.0729226678976602,0.1812907065993597,0.898,P4_sweep_ask_any_dte,f_hujacobs_lag,y_ret,5,,,,,,,,,,
4655,72,5,929,935,0.0215285252960172,0.0203208556149732,0.0012076696810439,-0.0170519254362716,0.0213313113568948,0.006069153739171,-0.0357774163319659,0.045936745393551,0.91,P4_sweep_ask_any_dte,f_sweepshare_lag,y_orion_opt,5,,,,,,,,,,
4655,72,5,929,935,0.0215285252960172,0.0203208556149732,0.0012076696810439,-0.0170519254362716,0.0213313113568948,0.006069153739171,-0.0357774163319659,0.045936745393551,0.91,P4_sweep_ask_any_dte,f_sweepshare_lag,y_orion_pess,5,,,,,,,,,,
6086,85,5,1217,1218,0.1199671322925226,0.1206896551724138,-0.0007225228798912,-0.0325818177489058,0.0337866949996337,-0.0016844754400427,-0.0361694549183639,0.0366790112081876,0.919,P4_sweep_ask_any_dte,f_prior_flow_align,y_tp,5,,,,,,,,,,
7405,86,5,1481,1481,-0.0164757741421547,-0.0181081048365094,0.0016323306943547,-0.0424455960237008,0.0451808953128597,-0.0134617349142699,-0.0950664687279386,0.0665917813226828,0.921,P4_sweep_ask_any_dte,f_logmoney,y_ret,5,,,,,,,,,,
683,37,5,137,137,0.0133833373490611,0.0120968454473624,0.0012864919016986,-0.0347465432978497,0.0510028498585766,-0.075838180281432,-0.3792053689301192,0.3047695368875102,0.922,P4_sweep_ask_any_dte,f_mom_align_5d,y_und_return_1d,5,,,,,,,,,,
700,15,5,136,143,0.0033414595946419,0.0056055918291449,-0.0022641322345029,-0.0291760061572903,0.039256896227852,0.0282873582905885,-0.1414807602903371,0.1759663867384449,0.923,P4_sweep_ask_any_dte,f_minutes_open,y_und_return_5d,5,,,,,,,,,,
7405,86,5,1481,1481,0.1114112086428089,0.1093855503038487,0.0020256583389601,-0.0456239916027062,0.0492002142406275,0.007845492980252,-0.048087768727896,0.0647406309231303,0.929,P4_sweep_ask_any_dte,f_logmoney,y_tp,5,,,,,,,,,,
4068,71,5,794,814,-0.0147745037189632,-0.0161097975377246,0.0013352938187613,-0.036765554381467,0.0374035031381867,-0.0328889596179336,-0.0794314898233438,0.0197918318676897,0.934,P4_sweep_ask_any_dte,f_vol20_lag,y_ret,5,,,,,,,,,,
208,8,5,42,44,-0.0024828987523872,-0.0003585805484893,-0.0021243182038979,-0.125591519929722,0.0997637653537828,-0.0871849455687218,-0.3339702172713217,0.1067674848517087,0.9420809841107124,P4_sweep_ask_any_dte,f_vol20_lag,y_und_return_5d,5,,,,,,,,,,
4176,73,5,834,836,-0.0027470998576794,-0.005969826695025,0.0032227268373455,-0.0307164431705935,0.0437443010518192,0.0035483474455029,-0.0459533309444557,0.0641606564297722,0.95,P4_sweep_ask_any_dte,f_vrp,y_ret,5,,,,,,,,,,
663,14,5,131,138,0.0044836172165078,0.005362537286589,-0.0008789200700812,-0.0349757374216976,0.0280956419150436,-0.0495158506966046,-0.1629128033261127,0.0856613472841222,0.953,P4_sweep_ask_any_dte,f_iv_rank,y_und_return_5d,5,,,,,,,,,,
4724,73,5,921,955,-0.0029488262101526,-0.0052292962394738,0.0022804700293212,-0.0767923670310789,0.0707379379950061,0.0661930444261395,-0.0702077990146176,0.1826808757034338,0.96,P4_sweep_ask_any_dte,f_hujacobs,y_ret,5,,,,,,,,,,
274,27,5,43,57,-0.0006617105919697,-0.0008623805753271,0.0002006699833574,-0.0140158341505653,0.0212902859017783,-0.0432901088423202,-0.1706879771254202,0.1081167302835588,0.9829488465396188,P4_sweep_ask_any_dte,f_oimom_lag,y_und_return_1d,5,,,,,,,,,,
274,27,5,44,56,-0.0039864875112439,-0.0026953749033249,-0.0012911126079189,-0.0151542533879176,0.0257427640919964,-0.0127791480745926,-0.1616711522796595,0.1568110285540386,0.9834420471650778,P4_sweep_ask_any_dte,f_oibuild_lag,y_und_return_1d,5,,,,,,,,,,
1803,52,5,360,362,-0.0202756218328208,-0.0172280955356795,-0.0030475262971413,-0.0596786051612098,0.081847786944019,0.0452970131883227,-0.0561027151179039,0.1629877418438871,0.989,P4_sweep_ask_any_dte,f_oibuild_lag,y_ret,5,,,,,,,,,,
4724,73,5,938,948,-0.008274376399067,-0.0086388183981946,0.0003644419991276,-0.0358076061054814,0.0410936547222092,-0.0358648341017483,-0.0820999275887599,0.018240982782172,0.995,P4_sweep_ask_any_dte,f_rv20,y_ret,5,,,,,,,,,,
67179,94,5,13436,13436,0.0948198868710925,0.067058648407264,0.0277612384638285,0.0161717532303883,0.0376548489865886,0.0203097241201753,0.007906457953009,0.0321964656474994,0.004,P5_unfiltered_labeled,f_otm,y_tp,5,,,,,,,,,,
67179,94,5,13436,13436,0.0007604587876183,-0.0110021551511854,0.0117626139388038,0.0033061237754323,0.0210844320123364,0.0034075016268265,-0.0103024191419781,0.0187327644497911,0.004,P5_unfiltered_labeled,f_otm,y_ret,5,,,,,,,,,,
67179,94,5,13436,13436,0.0133224173861268,0.0057308722834176,0.0075915451027091,0.0039705767989513,0.0108609370670318,0.0167694737863507,0.0042056864693348,0.0287213011963942,0.004,P5_unfiltered_labeled,f_otm,y_orion_opt,5,,,,,,,,,,
67179,94,5,13436,13436,0.0133224173861268,0.0057308722834176,0.0075915451027091,0.0039705767989513,0.0108609370670318,0.0167694737863507,0.0042056864693348,0.0287213011963942,0.004,P5_unfiltered_labeled,f_otm,y_orion_pess,5,,,,,,,,,,
46554,92,5,9307,9312,0.0215979461185099,-0.0218243499989851,0.0434222961174951,0.0189005010381821,0.0731060504778191,0.1056130895461681,0.0672007722688136,0.1520734937882761,0.004,P5_unfiltered_labeled,f_abs_delta,y_ret,5,,,,,,,,,,
67179,94,5,13192,17505,0.018041237113402,0.2022279348757497,-0.1841866977623477,-0.2137444107329436,-0.1608757714817558,-0.220435812368244,-0.2411648711687974,-0.2011792583385275,0.004,P5_unfiltered_labeled,f_dte,y_tp,5,,,,,,,,,,
67179,94,5,13192,17505,0.0016676773802304,0.0328477577834904,-0.0311800804032599,-0.0445920033051435,-0.022061652956047,-0.1075546882999038,-0.128574391108319,-0.0855751661309702,0.004,P5_unfiltered_labeled,f_dte,y_orion_opt,5,,,,,,,,,,
67179,94,5,13192,17505,0.0016676773802304,0.0328477577834904,-0.0311800804032599,-0.0445920033051435,-0.022061652956047,-0.1075546882999038,-0.128574391108319,-0.0855751661309702,0.004,P5_unfiltered_labeled,f_dte,y_orion_pess,5,,,,,,,,,,
65954,94,5,13191,13191,0.1516943370479872,0.0636039724054279,0.0880903646425593,0.0722802645985261,0.1036941182818901,0.1023707420689272,0.0848834366261392,0.119011335584636,0.004,P5_unfiltered_labeled,f_vol_oi,y_tp,5,,,,,,,,,,
65954,94,5,13191,13191,0.0217572587370176,0.0051550299446592,0.0166022287923584,0.0115971007743407,0.0228673602175921,0.0557882802731682,0.0420641519048435,0.0706664605159858,0.004,P5_unfiltered_labeled,f_vol_oi,y_orion_opt,5,,,,,,,,,,
65954,94,5,13191,13191,0.0217572587370176,0.0051550299446592,0.0166022287923584,0.0115971007743407,0.0228673602175921,0.0557882802731682,0.0420641519048435,0.0706664605159858,0.004,P5_unfiltered_labeled,f_vol_oi,y_orion_pess,5,,,,,,,,,,
66570,94,3,26628,26628,-0.0148728393629218,-0.0019444406508558,-0.0129283987120659,-0.019970685663638,-0.0054313043142496,-0.0450120748597236,-0.0582993330207632,-0.0307766870936068,0.004,P5_unfiltered_labeled,f_ask_share,y_ret,5,,,,,,,,,,
67179,94,5,12847,17423,0.1454035961703121,0.0989496642369281,0.0464539319333839,0.0302295931411487,0.059024261489892,0.0504023677831532,0.0355413148893168,0.0636969390337577,0.004,P5_unfiltered_labeled,f_trade_count,y_tp,5,,,,,,,,,,
67179,94,5,12847,17423,0.018525725850393,0.0110773115996097,0.0074484142507833,0.0044590912603236,0.0102613737178419,0.0230265156111578,0.0136669579110761,0.0321705004477299,0.004,P5_unfiltered_labeled,f_trade_count,y_orion_opt,5,,,,,,,,,,
67179,94,5,12847,17423,0.018525725850393,0.0110773115996097,0.0074484142507833,0.0044590912603236,0.0102613737178419,0.0230265156111578,0.0136669579110761,0.0321705004477299,0.004,P5_unfiltered_labeled,f_trade_count,y_orion_pess,5,,,,,,,,,,
5622,47,5,1124,1125,-0.0008364357690997,0.0059766615087706,-0.0068130972778704,-0.0163071433609902,-0.0025366187015355,-0.0312633228861052,-0.0881920581777712,0.0035508797559757,0.004,P5_unfiltered_labeled,f_mom5d_lag,y_und_return_1d,5,,,,,,,,,,
39168,79,5,7831,7835,0.0884944451538756,0.1181876196553924,-0.0296931745015168,-0.0501716149532946,-0.0094870207671724,-0.0297242558709293,-0.0584829863467486,-0.000919702612387,0.004,P5_unfiltered_labeled,f_rsi14_lag,y_tp,5,,,,,,,,,,
14778,64,5,2726,2962,0.0880410858400587,0.1539500337609723,-0.0659089479209136,-0.123691557895417,-0.0247767616009193,-0.0478726748775656,-0.1221187501589392,0.0129080689433753,0.004,P5_unfiltered_labeled,f_oimom_lag,y_tp,5,,,,,,,,,,
1480,13,5,296,296,-0.0116610857687218,0.0060202076309041,-0.0176812933996259,-0.0305389770515803,-0.0083964832609595,-0.0680329885709068,-0.1350635188157099,0.0143883914605193,0.004,P5_unfiltered_labeled,f_netbull_lag,y_und_return_5d,5,,,,,,,,,,
67179,94,5,13436,13436,0.0151086632926466,0.008261387317654,0.0068472759749925,0.0025745311053811,0.0113514993375064,0.0181334571594688,0.0035678511319894,0.0321205002758148,0.008,P5_unfiltered_labeled,f_logmoney,y_orion_opt,5,,,,,,,,,,
67179,94,5,13436,13436,0.0151086632926466,0.008261387317654,0.0068472759749925,0.0025745311053811,0.0113514993375064,0.0181334571594688,0.0035678511319894,0.0321205002758148,0.008,P5_unfiltered_labeled,f_logmoney,y_orion_pess,5,,,,,,,,,,
46554,92,5,9310,9311,0.1548872180451128,0.1073998496402105,0.0474873684049022,0.01142557620304,0.0851523032610653,0.0506425681226984,0.0168299309469251,0.0840654282870031,0.012,P5_unfiltered_labeled,f_iv,y_tp,5,,,,,,,,,,
9935,49,5,1983,1987,0.0062590294408329,-0.0002534978655741,0.006512527306407,0.0013924334480468,0.0172972397265844,0.0043438814292061,-0.0441284806383138,0.0713598722664492,0.012,P5_unfiltered_labeled,f_iv,y_und_return_1d,5,,,,,,,,,,
5675,48,5,1135,1137,0.0056229722843706,-0.001008064062499,0.0066310363468696,0.0011520602609961,0.0246390921534983,0.0332911004862366,0.0002163463008012,0.1374560716605311,0.012,P5_unfiltered_labeled,f_rv20,y_und_return_1d,5,,,,,,,,,,
14778,64,5,2948,2981,0.0888738127544097,0.154310634015431,-0.0654368212610213,-0.1152894963723185,-0.0140450231602533,-0.0463075620718142,-0.1270399921574677,0.0212165467027457,0.012,P5_unfiltered_labeled,f_oibuild_lag,y_tp,5,,,,,,,,,,
39426,80,5,7733,7886,0.0989266778740463,0.1364443317271113,-0.037517653853065,-0.0727365676703351,-0.0063412998274294,-0.040939633898115,-0.0739889142715245,-0.0090674942267691,0.016,P5_unfiltered_labeled,f_mom5d_lag,y_tp,5,,,,,,,,,,
26108,79,5,5120,5287,0.0125,0.0266691885757518,-0.0141691885757518,-0.0308529227427875,-0.0019693368429097,-0.0283749257932942,-0.0633876316617138,0.0025474961326495,0.02,P5_unfiltered_labeled,f_osiv_lag,y_orion_opt,5,,,,,,,,,,
26108,79,5,5120,5287,0.0125,0.0266691885757518,-0.0141691885757518,-0.0308529227427875,-0.0019693368429097,-0.0283749257932942,-0.0633876316617138,0.0025474961326495,0.02,P5_unfiltered_labeled,f_osiv_lag,y_orion_pess,5,,,,,,,,,,
14778,64,5,2948,2981,0.0088195386702849,0.0271720899027172,-0.0183525512324322,-0.0372301416725096,-0.0040425327028742,-0.0400949552653829,-0.0905584954915627,0.0052478211495112,0.02,P5_unfiltered_labeled,f_oibuild_lag,y_orion_opt,5,,,,,,,,,,
14778,64,5,2948,2981,0.0088195386702849,0.0271720899027172,-0.0183525512324322,-0.0372301416725096,-0.0040425327028742,-0.0400949552653829,-0.0905584954915627,0.0052478211495112,0.02,P5_unfiltered_labeled,f_oibuild_lag,y_orion_pess,5,,,,,,,,,,
12307,51,5,2460,2462,0.0031798308054347,-0.0001014704785207,0.0032813012839554,0.000372557202349,0.0082468290978724,0.0069005410138185,-0.0416485701463764,0.0564180366323161,0.024,P5_unfiltered_labeled,f_prior_flow_align,y_und_return_1d,5,,,,,,,,,,
36595,80,5,7319,7319,0.1091679191146331,0.1386801475611422,-0.029512228446509,-0.0598115178407745,-0.0017194916968485,-0.0269340584024961,-0.058601031125551,0.0056922068878399,0.028,P5_unfiltered_labeled,f_vrp,y_tp,5,,,,,,,,,,
67179,94,5,13436,13436,0.0108663292646621,0.0162994938969931,-0.005433164632331,-0.0106489113311118,-0.0006773209023596,-0.0163314434723982,-0.0309739078029049,-0.0004130276318465,0.028,P5_unfiltered_labeled,f_log_prem,y_orion_opt,5,,,,,,,,,,
67179,94,5,13436,13436,0.0108663292646621,0.0162994938969931,-0.005433164632331,-0.0106489113311118,-0.0006773209023596,-0.0163314434723982,-0.0309739078029049,-0.0004130276318465,0.028,P5_unfiltered_labeled,f_log_prem,y_orion_pess,5,,,,,,,,,,
39194,80,5,7839,7869,0.0027078733504821,-0.0146822430945447,0.0173901164450268,0.001417672970394,0.0356029790427236,0.0356501239216358,0.0134364817935897,0.0599353163646749,0.028,P5_unfiltered_labeled,f_tox_lag,y_ret,5,,,,,,,,,,
41899,84,5,8368,8385,0.008604206500956,0.0178890876565295,-0.0092848811555734,-0.0195543899893318,-0.0008748826564954,-0.0303309695582777,-0.0551898667433774,-0.0043572874619736,0.036,P5_unfiltered_labeled,f_und_1d,y_orion_opt,5,,,,,,,,,,
41899,84,5,8368,8385,0.008604206500956,0.0178890876565295,-0.0092848811555734,-0.0195543899893318,-0.0008748826564954,-0.0303309695582777,-0.0551898667433774,-0.0043572874619736,0.036,P5_unfiltered_labeled,f_und_1d,y_orion_pess,5,,,,,,,,,,
55428,93,5,11086,11086,0.119249503878766,0.1069817788201335,0.0122677250586325,0.0012260044486286,0.0233651328257506,0.0031470337722224,-0.009801562552781,0.0126739355420276,0.036,P5_unfiltered_labeled,f_prior_flow,y_tp,5,,,,,,,,,,
46554,92,5,9310,9311,0.0206229860365198,0.0110621845129416,0.0095608015235781,9.505706106377353e-05,0.0205507055535368,0.0317539105007081,0.0080744527642467,0.0526839585897379,0.044,P5_unfiltered_labeled,f_iv,y_orion_opt,5,,,,,,,,,,
46554,92,5,9310,9311,0.0206229860365198,0.0110621845129416,0.0095608015235781,9.505706106377353e-05,0.0205507055535368,0.0317539105007081,0.0080744527642467,0.0526839585897379,0.044,P5_unfiltered_labeled,f_iv,y_orion_pess,5,,,,,,,,,,
36595,80,5,7319,7319,0.0116136084164503,0.0199480803388441,-0.0083344719223937,-0.0181561038218643,4.432150531045342e-05,-0.0233895061230892,-0.0468181972666009,0.0030086565056471,0.052,P5_unfiltered_labeled,f_vrp,y_orion_opt,5,,,,,,,,,,
36595,80,5,7319,7319,0.0116136084164503,0.0199480803388441,-0.0083344719223937,-0.0181561038218643,4.432150531045342e-05,-0.0233895061230892,-0.0468181972666009,0.0030086565056471,0.052,P5_unfiltered_labeled,f_vrp,y_orion_pess,5,,,,,,,,,,
5666,47,5,1130,1147,0.0078273104876573,0.0015031422045773,0.0063241682830799,2.3275386728578723e-06,0.0118656411584994,0.0431724966893569,0.0013926117157485,0.0793423713245537,0.052,P5_unfiltered_labeled,f_sweepshare_lag,y_und_return_1d,5,,,,,,,,,,
46554,92,5,9307,9312,0.107231116364027,0.1405713058419244,-0.0333401894778973,-0.0586408988715545,0.0006516490650192,-0.0353996741527113,-0.0629420771926774,0.0008248194907621,0.056,P5_unfiltered_labeled,f_abs_delta,y_tp,5,,,,,,,,,,
65954,94,5,13191,13191,0.0026559450162855,-0.0117822678006012,0.0144382128168867,-0.0001994051224063,0.0337966486914946,-0.0317291001446427,-0.0502602750339311,-0.0125450333568462,0.056,P5_unfiltered_labeled,f_vol_oi,y_ret,5,,,,,,,,,,
827,8,5,150,203,0.0005664017907415,0.0102951210601929,-0.0097287192694513,-0.0267383588957221,0.0001745969022384,-0.0488570659198879,-0.0785106774747028,0.0479426078929571,0.056,P5_unfiltered_labeled,f_ts_slope_lag,y_und_return_5d,5,,,,,,,,,,
41895,83,5,8372,8385,-0.0136743651179654,0.0024776710926005,-0.0161520362105659,-0.0297529127250263,0.0013490850185147,-0.0248951485445209,-0.049118914124269,0.0065940361076144,0.064,P5_unfiltered_labeled,f_und_5d,y_ret,5,,,,,,,,,,
41899,84,5,8368,8385,-0.0177545076309636,0.0003524061875683,-0.018106913818532,-0.0354338775000127,0.0013624284851906,-0.0160684867007859,-0.045522568478509,0.0169460142040611,0.072,P5_unfiltered_labeled,f_und_1d,y_ret,5,,,,,,,,,,
67179,94,5,13436,13436,0.1074724620422744,0.1260047633224174,-0.0185323012801429,-0.033712237327318,0.0016017368534361,-0.0189598502619542,-0.038054655249346,0.0050035005179405,0.076,P5_unfiltered_labeled,f_log_prem,y_tp,5,,,,,,,,,,
4105,46,5,771,857,0.0084467401046926,-0.0012598737391803,0.0097066138438729,-0.0014080460955315,0.0297957111390611,0.0320061962450349,-0.0534864798484797,0.1788850741024145,0.088,P5_unfiltered_labeled,f_osiv_lag,y_und_return_1d,5,,,,,,,,,,
1643,9,5,296,349,1.3504622531424076e-05,0.006639730585235,-0.0066262259627036,-0.011657941225991,0.0036978035760515,-0.0422005070605068,-0.0901483403331076,0.0664700736040967,0.104,P5_unfiltered_labeled,f_ts_slope_lag,y_und_return_1d,5,,,,,,,,,,
39168,79,5,7831,7835,0.0081726471714978,0.0131461391193363,-0.0049734919478384,-0.0125613926399757,0.0009213714643288,-0.0142936669243113,-0.0343263211999254,0.0052900569863159,0.108,P5_unfiltered_labeled,f_rsi14_lag,y_orion_opt,5,,,,,,,,,,
39168,79,5,7831,7835,0.0081726471714978,0.0131461391193363,-0.0049734919478384,-0.0125613926399757,0.0009213714643288,-0.0142936669243113,-0.0343263211999254,0.0052900569863159,0.108,P5_unfiltered_labeled,f_rsi14_lag,y_orion_pess,5,,,,,,,,,,
13547,51,5,2710,2710,0.0058688905169774,0.0013583981041034,0.004510492412874,-0.0008236884695925,0.0102657116578898,0.0419267987248951,-0.0004191262555495,0.0869084818340812,0.112,P5_unfiltered_labeled,f_vol_oi,y_und_return_1d,5,,,,,,,,,,
4940,46,5,986,989,0.0038842776790485,-0.0007668773044746,0.0046511549835231,-0.0007563727956093,0.0179966170492378,0.0161021902672536,-0.0368863429992446,0.1115139026143337,0.112,P5_unfiltered_labeled,f_vol20_lag,y_und_return_1d,5,,,,,,,,,,
35225,79,5,7044,7045,0.0105053946621237,0.0205819730305181,-0.0100765783683943,-0.0281912422768035,0.0019574694744768,-0.0296270727171926,-0.0715198847280144,0.0036849823444131,0.116,P5_unfiltered_labeled,f_hujacobs_lag,y_orion_opt,5,,,,,,,,,,
35225,79,5,7044,7045,0.0105053946621237,0.0205819730305181,-0.0100765783683943,-0.0281912422768035,0.0019574694744768,-0.0296270727171926,-0.0715198847280144,0.0036849823444131,0.116,P5_unfiltered_labeled,f_hujacobs_lag,y_orion_pess,5,,,,,,,,,,
5599,20,5,1067,1395,0.0027185003370656,-0.0011637326212205,0.0038822329582862,-0.0015773340161577,0.0082017771447584,0.0360083170559354,-0.0041063561350399,0.0561634869073486,0.128,P5_unfiltered_labeled,f_trade_count,y_und_return_5d,5,,,,,,,,,,
5609,47,5,1113,1123,0.0007933960601571,0.0042026561346846,-0.0034092600745275,-0.0144201950954896,0.0007072006921061,-0.0048732774032918,-0.0849640414177808,0.0302963516256564,0.132,P5_unfiltered_labeled,f_rsi14_lag,y_und_return_1d,5,,,,,,,,,,
1480,13,5,296,296,0.0044215072730506,-0.0086810338075972,0.0131025410806479,-0.0027398795361341,0.0637948088439379,0.0263051419106156,-0.0170199355092138,0.1216779775467903,0.1325301204819277,P5_unfiltered_labeled,f_und_1d,y_und_return_5d,5,,,,,,,,,,
41895,83,5,8372,8385,0.0115862398471094,0.0170542635658914,-0.005468023718782,-0.0121984049647624,0.0015391153887998,-0.0181884241951769,-0.0317079923597163,-0.0013702981039168,0.14,P5_unfiltered_labeled,f_und_5d,y_orion_opt,5,,,,,,,,,,
41895,83,5,8372,8385,0.0115862398471094,0.0170542635658914,-0.005468023718782,-0.0121984049647624,0.0015391153887998,-0.0181884241951769,-0.0317079923597163,-0.0013702981039168,0.14,P5_unfiltered_labeled,f_und_5d,y_orion_pess,5,,,,,,,,,,
41899,84,5,8368,8385,0.094048757170172,0.1243887895050685,-0.0303400323348964,-0.0681656464545308,0.0108834619310618,-0.0268233893491955,-0.0677392344897379,0.0173994274472982,0.152,P5_unfiltered_labeled,f_und_1d,y_tp,5,,,,,,,,,,
67179,94,5,13192,17505,-0.0008748997592241,-0.0136716628260123,0.0127967630667882,-0.0043439359896513,0.0296471531312746,0.1434273984171793,0.1121632032997534,0.1720230341597119,0.16,P5_unfiltered_labeled,f_dte,y_ret,5,,,,,,,,,,
41849,81,5,8368,8389,0.0105162523900573,0.0178805578734056,-0.0073643054833482,-0.0203931572485519,0.0022012273641192,-0.0209653725058898,-0.0573456407160036,0.0095134424438756,0.168,P5_unfiltered_labeled,f_hujacobs,y_orion_opt,5,,,,,,,,,,
41849,81,5,8368,8389,0.0105162523900573,0.0178805578734056,-0.0073643054833482,-0.0203931572485519,0.0022012273641192,-0.0209653725058898,-0.0573456407160036,0.0095134424438756,0.168,P5_unfiltered_labeled,f_hujacobs,y_orion_pess,5,,,,,,,,,,
52315,63,5,10462,10463,0.1321926973809979,0.1119181879002198,0.020274509480778,-0.009981477420815,0.0519713475329568,0.0077777383217469,-0.0239049241928342,0.0483718274904618,0.172,P5_unfiltered_labeled,f_maxpain_dist,y_tp,5,,,,,,,,,,
35225,79,5,7044,7045,0.1020726859738784,0.1427963094393186,-0.0407236234654402,-0.1210755936793158,0.0192531074429472,-0.037622791705235,-0.1236583939302699,0.0350980134228416,0.184,P5_unfiltered_labeled,f_hujacobs_lag,y_tp,5,,,,,,,,,,
5690,48,5,1137,1140,0.0027663421757081,0.0046147013050776,-0.0018483591293694,-0.0095680987725455,0.0014492518756604,-0.0381515213839539,-0.0783986776853465,0.0150363652972263,0.192,P5_unfiltered_labeled,f_und_1d,y_und_return_1d,5,,,,,,,,,,
13832,51,5,2747,2822,0.0056086252063991,9.591828991356062e-06,0.0055990333774077,-0.0022716471634128,0.0131652792545987,0.0287851333228813,-0.0304996791224538,0.0768988782389114,0.208,P5_unfiltered_labeled,f_minutes_open,y_und_return_1d,5,,,,,,,,,,
40395,80,2,1204,39191,0.0086442080928524,-0.0077926545451424,0.0164368626379949,-0.0094859047046526,0.044114810614656,0.0047157632315254,-0.0174043076618026,0.0278901902952842,0.212,P5_unfiltered_labeled,f_gamma_lag,y_ret,5,,,,,,,,,,
39426,80,5,7733,7886,0.0112504849346954,0.0172457519655084,-0.005995267030813,-0.017578855301341,0.0026715897974325,-0.0159409725826252,-0.0410731319220742,0.0077330952435574,0.216,P5_unfiltered_labeled,f_mom5d_lag,y_orion_opt,5,,,,,,,,,,
39426,80,5,7733,7886,0.0112504849346954,0.0172457519655084,-0.005995267030813,-0.017578855301341,0.0026715897974325,-0.0159409725826252,-0.0410731319220742,0.0077330952435574,0.216,P5_unfiltered_labeled,f_mom5d_lag,y_orion_pess,5,,,,,,,,,,
14778,64,5,2948,2981,-0.0205808624274452,0.0003727118981955,-0.0209535743256407,-0.0493300236739401,0.0128842107756344,0.009779016008479,-0.0392703001219083,0.0752031269539936,0.216,P5_unfiltered_labeled,f_oibuild_lag,y_ret,5,,,,,,,,,,
1480,13,5,294,309,-0.030771447049565,0.0289303101381677,-0.0597017571877327,-0.3442796564372325,0.0584608395065263,-0.1661962601003886,-0.552087740030499,0.3424672801411794,0.22,P5_unfiltered_labeled,f_mom_align_5d,y_und_return_5d,5,,,,,,,,,,
5018,20,5,1004,1004,0.0041700200687383,-0.0034726812818046,0.0076427013505429,-0.0048171744142593,0.0185627638273045,0.0219827492664067,-0.067007942578137,0.0854526936770419,0.224,P5_unfiltered_labeled,f_prior_flow_align,y_und_return_5d,5,,,,,,,,,,
5581,20,3,2232,2233,-0.0003659592917528,0.0032865299265362,-0.0036524892182891,-0.0120016859118241,0.00199975016999,-0.0254073093968503,-0.0846035310430045,0.0144558936446672,0.228,P5_unfiltered_labeled,f_ask_share,y_und_return_5d,5,,,,,,,,,,
1370,13,5,270,288,-0.0066601141171601,-0.0013970544911567,-0.0052630596260033,-0.0342676955267259,0.0053165822232877,-0.0066841084427992,-0.0766551908929266,0.0822405607581577,0.228,P5_unfiltered_labeled,f_osivrank_lag,y_und_return_5d,5,,,,,,,,,,
13832,51,5,2671,2776,8.942275340303283e-05,0.0055111586811531,-0.0054217359277501,-0.0130712181460888,0.002310638776256,-0.028803807108374,-0.0768955457847326,0.0304470534100852,0.236,P5_unfiltered_labeled,f_minutes_close,y_und_return_1d,5,,,,,,,,,,
36595,80,5,7319,7319,-0.010093133833185,0.002484232288106,-0.012577366121291,-0.0324309352410587,0.0075963665617561,-0.0177149457077742,-0.058473223432543,0.0203812586040897,0.264,P5_unfiltered_labeled,f_vrp,y_ret,5,,,,,,,,,,
67179,94,5,13223,13562,-0.0119044634554907,0.0001342740615841,-0.0120387375170749,-0.0338153315470346,0.0093943676689883,-0.0173951261045545,-0.0389959655523127,0.0029267435935416,0.268,P5_unfiltered_labeled,f_minutes_close,y_ret,5,,,,,,,,,,
26108,79,5,5120,5287,0.104296875,0.132589370153206,-0.0282924951532059,-0.076871503713194,0.0164995282580528,-0.0155444357875102,-0.0690838631442165,0.041619596150474,0.268,P5_unfiltered_labeled,f_osiv_lag,y_tp,5,,,,,,,,,,
26108,79,5,5120,5287,-0.0213681737997356,-0.003475086344923,-0.0178930874548125,-0.0441340065331656,0.0120021829209019,-0.0272968850947408,-0.0705145079630798,0.0279278573748332,0.268,P5_unfiltered_labeled,f_osiv_lag,y_ret,5,,,,,,,,,,
5599,20,5,1120,1120,0.0033279700170007,-0.0017604330190718,0.0050884030360725,-0.0022965924535154,0.0179763374453062,0.0244899359487452,-0.0052709312411298,0.069040996045221,0.272,P5_unfiltered_labeled,f_otm,y_und_return_5d,5,,,,,,,,,,
41783,81,5,8231,8362,-0.013544774349825,-0.0013657484671096,-0.0121790258827153,-0.036214550031685,0.0103273062855504,-0.0227650264294316,-0.0571992790985076,0.0115221507398433,0.292,P5_unfiltered_labeled,f_und_30d,y_ret,5,,,,,,,,,,
67179,94,5,13426,13891,-0.0002609165742963,-0.0118198207653001,0.0115589041910038,-0.0100939116397114,0.0333307027775061,0.0173745841082051,-0.0028977193326671,0.0389661259463268,0.292,P5_unfiltered_labeled,f_minutes_open,y_ret,5,,,,,,,,,,
12307,51,5,2458,2489,0.0002139731777099,0.001582287350681,-0.0013683141729711,-0.0064933675285606,0.0010878886566774,-0.0250893892973062,-0.0482874837753914,-0.0049734843229715,0.296,P5_unfiltered_labeled,f_prior_cnt,y_und_return_1d,5,,,,,,,,,,
5599,20,5,1096,1219,0.0001163616960279,0.0023702832415574,-0.0022539215455295,-0.0059516882406302,0.0024739976174575,0.0017863256428323,-0.0252019472293228,0.0341827231493261,0.304,P5_unfiltered_labeled,f_dte,y_und_return_5d,5,,,,,,,,,,
35225,79,5,6961,7069,0.1294354259445482,0.1080775215730655,0.0213579043714827,-0.0165896376460158,0.0561523696933207,0.0306551345839869,-0.0111815022978826,0.0731915017687407,0.304,P5_unfiltered_labeled,f_vol20_lag,y_tp,5,,,,,,,,,,
41895,83,5,8378,8380,0.1210312723800429,0.102744630071599,0.0182866423084439,-0.0160902862553077,0.0556370503785867,0.0101157756403567,-0.0265770559087189,0.0468377085255458,0.32,P5_unfiltered_labeled,f_mom_align_5d,y_tp,5,,,,,,,,,,
4105,46,5,810,839,0.0031296124624539,-0.0008824968745604,0.0040121093370144,-0.003247457010853,0.0144699315268201,0.0406104299032209,-0.0218106977184679,0.1301967121221527,0.324,P5_unfiltered_labeled,f_osivrank_lag,y_und_return_1d,5,,,,,,,,,,
14778,64,5,2726,2962,-0.0183680181626277,-0.004586524732191,-0.0137814934304366,-0.0496528575009348,0.0148530783922856,-0.0052221152137055,-0.0587540808587189,0.0690441774818941,0.324,P5_unfiltered_labeled,f_oimom_lag,y_ret,5,,,,,,,,,,
41812,80,5,7379,8369,0.1100420111126168,0.0978611542597682,0.0121808568528486,-0.013193686299594,0.0338732039035856,0.0230997258186904,0.0001866314593181,0.0473741164545235,0.324,P5_unfiltered_labeled,f_sweepshare_lag,y_tp,5,,,,,,,,,,
13787,51,3,5515,5515,0.0022844030639453,0.0003817421070671,0.0019026609568781,-0.0023522629941323,0.0047319376582272,0.0166891364944958,-0.0293848650657866,0.0478425505157526,0.332,P5_unfiltered_labeled,f_ask_share,y_und_return_1d,5,,,,,,,,,,
11519,28,5,2304,2304,0.0036331105928358,0.0065609000435225,-0.0029277894506866,-0.0122835742512348,0.0024095840772505,-0.016820435402584,-0.0774407543568233,0.0294888475157666,0.34,P5_unfiltered_labeled,f_maxpain_dist,y_und_return_1d,5,,,,,,,,,,
55428,93,5,11086,11086,-0.0139748891439175,-0.0054598953867646,-0.0085149937571529,-0.0226086295036278,0.006769271123809,-0.0020518727033793,-0.0160552922095871,0.0119958842284042,0.34,P5_unfiltered_labeled,f_prior_flow,y_ret,5,,,,,,,,,,
35225,79,5,6961,7069,-0.0184950952262849,-0.0060849352142386,-0.0124101600120462,-0.0359695883303173,0.0120448169207332,-0.0482059592719863,-0.0876988103215384,-0.0044385925565539,0.344,P5_unfiltered_labeled,f_vol20_lag,y_ret,5,,,,,,,,,,
55809,66,5,11161,11162,-0.0024300219905424,-0.0095793387768243,0.0071493167862818,-0.0078045883437682,0.0198512126139991,0.0085472859460957,-0.0178558697561836,0.0317164121807824,0.348,P5_unfiltered_labeled,f_iv_rank,y_ret,5,,,,,,,,,,
67179,94,5,13426,13891,0.0215253984805601,0.0173493628968396,0.0041760355837204,-0.0058477267075281,0.0127112556288602,0.0158454329849987,-0.0132033796980699,0.0445804017562467,0.348,P5_unfiltered_labeled,f_minutes_open,y_orion_opt,5,,,,,,,,,,
67179,94,5,13426,13891,0.0215253984805601,0.0173493628968396,0.0041760355837204,-0.0058477267075281,0.0127112556288602,0.0158454329849987,-0.0132033796980699,0.0445804017562467,0.348,P5_unfiltered_labeled,f_minutes_open,y_orion_pess,5,,,,,,,,,,
39168,79,5,7831,7835,-0.0140263408637479,-0.0065302954715231,-0.0074960453922248,-0.0239901045565297,0.0078400129605438,0.0055697293295873,-0.0257196921775531,0.0410538556953938,0.348,P5_unfiltered_labeled,f_rsi14_lag,y_ret,5,,,,,,,,,,
1480,13,5,296,299,0.0025613224161536,-0.0042852848309519,0.0068466072471056,-0.0054948026521498,0.0510234744194085,0.0729158392315741,0.011126147900493,0.1003769914348004,0.3534136546184739,P5_unfiltered_labeled,f_mom5d_lag,y_und_return_5d,5,,,,,,,,,,
5666,47,5,1132,1134,0.0040153781604505,0.0022487684061548,0.0017666097542956,-0.0027211359497502,0.0086439109570788,0.0110397985387884,-0.023550255304664,0.0570662601768291,0.356,P5_unfiltered_labeled,f_netbull_lag,y_und_return_1d,5,,,,,,,,,,
4940,46,5,981,992,0.0036502510859763,0.0072945012402059,-0.0036442501542296,-0.0177597950867437,0.0044131992160524,0.0058248851454615,-0.0805162251795673,0.0536238744977001,0.364,P5_unfiltered_labeled,f_mom20d_lag,y_und_return_1d,5,,,,,,,,,,
41849,81,5,8368,8389,0.1094646271510516,0.1338657766122303,-0.0244011494611786,-0.0897741755011864,0.0279503121844353,-0.0222685907782123,-0.1020808993200041,0.0424884070908999,0.368,P5_unfiltered_labeled,f_hujacobs,y_tp,5,,,,,,,,,,
1474,13,5,279,302,0.002916630069158,-0.0061187467047968,0.0090353767739549,-0.0224956951094781,0.1426113229711262,-0.0350472036526919,-0.1054138842139995,0.1116642653138246,0.3709677419354839,P5_unfiltered_labeled,f_und_30d,y_und_return_5d,5,,,,,,,,,,
9935,49,5,1985,1987,0.0049997117554058,0.0019231343514586,0.0030765774039472,-0.0036377328004138,0.0105626696475997,0.0062728160108064,-0.0376781621240507,0.0457320516478521,0.372,P5_unfiltered_labeled,f_abs_delta,y_und_return_1d,5,,,,,,,,,,
964,13,5,183,197,-0.0047637083885177,0.0023246003950544,-0.0070883087835722,-0.0236850983822447,0.0089649077851906,-0.0215435717881598,-0.1889941451926514,0.1448773863153901,0.372,P5_unfiltered_labeled,f_oimom_lag,y_und_return_5d,5,,,,,,,,,,
67179,94,5,12847,17423,7.709432034490774e-05,-0.0063183082228955,0.0063954025432404,-0.0071274696288922,0.020430600847541,-0.0240334348547871,-0.0427019882304287,-0.0058266357525158,0.376,P5_unfiltered_labeled,f_trade_count,y_ret,5,,,,,,,,,,
67179,94,5,13223,13562,0.0175451864176056,0.0213832768028314,-0.0038380903852257,-0.0122720738269211,0.0063439758606747,-0.0157724279057483,-0.044442467686691,0.0132042119704229,0.38,P5_unfiltered_labeled,f_minutes_close,y_orion_opt,5,,,,,,,,,,
67179,94,5,13223,13562,0.0175451864176056,0.0213832768028314,-0.0038380903852257,-0.0122720738269211,0.0063439758606747,-0.0157724279057483,-0.044442467686691,0.0132042119704229,0.38,P5_unfiltered_labeled,f_minutes_close,y_orion_pess,5,,,,,,,,,,
5599,20,5,1113,1130,0.0066147080085191,0.0008999479950986,0.0057147600134204,-0.0055128390706787,0.0166570564212594,0.0228614865723654,-0.0339252846759361,0.0854977341482549,0.38,P5_unfiltered_labeled,f_minutes_close,y_und_return_5d,5,,,,,,,,,,
1873,40,5,336,382,-0.0015696741513459,0.0018022466466441,-0.00337192079799,-0.0107777688798621,0.0055128241259718,-0.0389572978445162,-0.0868505813883162,0.0303511531085461,0.388,P5_unfiltered_labeled,f_oimom_lag,y_und_return_1d,5,,,,,,,,,,
35225,79,5,6732,7069,0.1093285799168152,0.1233554958268496,-0.0140269159100344,-0.0382633427330935,0.0150534804625775,-0.0231954449952174,-0.0497169895701921,0.0061956426451036,0.396,P5_unfiltered_labeled,f_mom20d_lag,y_tp,5,,,,,,,,,,
40395,80,2,1204,39191,0.1378737541528239,0.1121941262024444,0.0256796279503794,-0.0270619077091044,0.0830283561231252,0.016126300835081,-0.0017533002939733,0.0369326834761684,0.416,P5_unfiltered_labeled,f_gamma_lag,y_tp,5,,,,,,,,,,
55428,93,5,11086,11086,0.0133501713873353,0.0110048710084791,0.0023453003788562,-0.0032476836414414,0.0079508059011401,0.0089279209555212,-0.0050236373430111,0.0238745049473547,0.416,P5_unfiltered_labeled,f_prior_flow_align,y_orion_pess,5,,,,,,,,,,
39374,81,3,5985,30148,0.0123642439431913,0.0151585511476714,-0.0027943072044801,-0.0126261413574508,0.0055345586400983,-0.031144110088569,-0.0748450651864505,0.0016373500366688,0.424,P5_unfiltered_labeled,f_mktgex_lag,y_orion_opt,5,,,,,,,,,,
39374,81,3,5985,30148,0.0123642439431913,0.0151585511476714,-0.0027943072044801,-0.0126261413574508,0.0055345586400983,-0.031144110088569,-0.0748450651864505,0.0016373500366688,0.424,P5_unfiltered_labeled,f_mktgex_lag,y_orion_pess,5,,,,,,,,,,
39374,81,3,5985,30148,-0.0166702888436023,-0.004503162304205,-0.0121671265393972,-0.0256415615328867,0.0187021912159602,-0.0052218173937892,-0.0339178678809445,0.041613262638032,0.428,P5_unfiltered_labeled,f_mktgex_lag,y_ret,5,,,,,,,,,,
26108,79,5,5219,5240,0.0103468097336654,0.0129770992366412,-0.0026302895029757,-0.0102632385499136,0.0045495571203802,-0.0225322758350996,-0.0482967114635711,0.0003973305796834,0.432,P5_unfiltered_labeled,f_osivrank_lag,y_orion_opt,5,,,,,,,,,,
26108,79,5,5219,5240,0.0103468097336654,0.0129770992366412,-0.0026302895029757,-0.0102632385499136,0.0045495571203802,-0.0225322758350996,-0.0482967114635711,0.0003973305796834,0.432,P5_unfiltered_labeled,f_osivrank_lag,y_orion_pess,5,,,,,,,,,,
1474,13,5,288,336,0.006638144145461,-0.0033436884806847,0.0099818326261457,-0.0283630620225008,0.0482649535647696,-0.0440137217100901,-0.1659100690504168,0.1347473268704133,0.444,P5_unfiltered_labeled,f_rv20,y_und_return_5d,5,,,,,,,,,,
39374,81,3,5985,30148,0.0974101921470342,0.1220976515855114,-0.0246874594384772,-0.0681489077213381,0.0490965912705722,-0.0725949639649723,-0.1302552330708604,-0.0131569942099661,0.444,P5_unfiltered_labeled,f_mktgex_lag,y_tp,5,,,,,,,,,,
5523,20,5,1105,1105,0.0010858712375985,-0.0012087946814709,0.0022946659190694,-0.0042126065445029,0.0089543137117804,0.0103883595103902,-0.0325160941127269,0.0582302320907265,0.46,P5_unfiltered_labeled,f_vol_oi,y_und_return_5d,5,,,,,,,,,,
14778,64,5,2726,2962,0.0190755685986793,0.025995948683322,-0.0069203800846426,-0.0302728925137513,0.0106037815663927,-0.0263221023446819,-0.086371356876108,0.0185375673314623,0.46,P5_unfiltered_labeled,f_oimom_lag,y_orion_opt,5,,,,,,,,,,
14778,64,5,2726,2962,0.0190755685986793,0.025995948683322,-0.0069203800846426,-0.0302728925137513,0.0106037815663927,-0.0263221023446819,-0.086371356876108,0.0185375673314623,0.46,P5_unfiltered_labeled,f_oimom_lag,y_orion_pess,5,,,,,,,,,,
40395,80,2,1204,39191,0.0191029900332225,0.0137276415503559,0.0053753484828666,-0.0072185920482257,0.0226939536355094,0.0101895098977437,-0.0056497977216538,0.029444034608554,0.472,P5_unfiltered_labeled,f_gamma_lag,y_orion_opt,5,,,,,,,,,,
40395,80,2,1204,39191,0.0191029900332225,0.0137276415503559,0.0053753484828666,-0.0072185920482257,0.0226939536355094,0.0101895098977437,-0.0056497977216538,0.029444034608554,0.472,P5_unfiltered_labeled,f_gamma_lag,y_orion_pess,5,,,,,,,,,,
67179,94,5,13436,13436,0.0055963379779701,-0.0094420811261528,0.015038419104123,-0.0278164921062267,0.0572242031763426,0.0068844958383116,-0.0741187485847226,0.0811866539646686,0.476,P5_unfiltered_labeled,f_logmoney,y_ret,5,,,,,,,,,,
5624,46,5,1125,1125,-0.0002871315252676,0.002920382516615,-0.0032075140418827,-0.0090497654944882,0.0087955069781463,-0.0084769059496215,-0.0549906885354977,0.0630402529414724,0.488,P5_unfiltered_labeled,f_vrp,y_und_return_1d,5,,,,,,,,,,
55428,93,5,10855,14129,0.0111469368954398,0.0132351900346804,-0.0020882531392405,-0.0111317894902141,0.0048526598736006,-0.0025270676164639,-0.0251396228016774,0.019036149073597,0.5,P5_unfiltered_labeled,f_prior_cnt,y_orion_pess,5,,,,,,,,,,
41849,81,5,8368,8375,0.1201003824091778,0.1093731343283582,0.0107272480808196,-0.0214512335569156,0.0441267543685782,0.0242659978522944,-0.010809953718672,0.0585071574809615,0.504,P5_unfiltered_labeled,f_rv20,y_tp,5,,,,,,,,,,
5599,20,5,1105,1201,0.0011612771610202,0.0045018673485816,-0.0033405901875613,-0.0123923425609599,0.0057926856449828,-0.02283597550592,-0.0851777753856118,0.0339335402644581,0.504,P5_unfiltered_labeled,f_minutes_open,y_und_return_5d,5,,,,,,,,,,
55809,66,5,11161,11162,0.1151330525938535,0.1075972048020068,0.0075358477918467,-0.0161512894547312,0.0271773255396299,0.0114351733308162,-0.0155208594458388,0.0345185950688834,0.52,P5_unfiltered_labeled,f_iv_rank,y_tp,5,,,,,,,,,,
66570,94,3,26628,26628,0.0129187321616343,0.012242751990386,0.0006759801712483,-0.0015750532998686,0.0027192370876154,0.0041410147889218,-0.0052183666923383,0.0121383032415115,0.528,P5_unfiltered_labeled,f_ask_share,y_orion_opt,5,,,,,,,,,,
66570,94,3,26628,26628,0.0129187321616343,0.012242751990386,0.0006759801712483,-0.0015750532998686,0.0027192370876154,0.0041410147889218,-0.0052183666923383,0.0121383032415115,0.528,P5_unfiltered_labeled,f_ask_share,y_orion_pess,5,,,,,,,,,,
55809,66,5,11161,11162,0.0144252307140937,0.0125425550976527,0.0018826756164409,-0.0042952080871357,0.0083662757456472,0.0090743498442855,-0.007021093787086,0.0230814654037299,0.544,P5_unfiltered_labeled,f_iv_rank,y_orion_opt,5,,,,,,,,,,
55809,66,5,11161,11162,0.0144252307140937,0.0125425550976527,0.0018826756164409,-0.0042952080871357,0.0083662757456472,0.0090743498442855,-0.007021093787086,0.0230814654037299,0.544,P5_unfiltered_labeled,f_iv_rank,y_orion_pess,5,,,,,,,,,,
41783,81,5,8231,8362,0.0115417324747904,0.0144702224348242,-0.0029284899600337,-0.0128918580278114,0.0071512803996007,-0.0095185447908297,-0.031938646434846,0.0197114637047404,0.544,P5_unfiltered_labeled,f_und_30d,y_orion_opt,5,,,,,,,,,,
41783,81,5,8231,8362,0.0115417324747904,0.0144702224348242,-0.0029284899600337,-0.0128918580278114,0.0071512803996007,-0.0095185447908297,-0.031938646434846,0.0197114637047404,0.544,P5_unfiltered_labeled,f_und_30d,y_orion_pess,5,,,,,,,,,,
41849,81,5,8368,8375,-0.0109693074180169,-0.004910800113854,-0.0060585073041628,-0.0233277959639699,0.0163164573696537,-0.0449282684045559,-0.0718697947930252,-0.0047822720637612,0.564,P5_unfiltered_labeled,f_rv20,y_ret,5,,,,,,,,,,
13832,51,5,2767,2767,0.0038756115366482,0.0020742021137769,0.0018014094228712,-0.0045310374922944,0.0098050376911965,0.0156426598969431,-0.0189554962274616,0.0553475986542896,0.564,P5_unfiltered_labeled,f_otm,y_und_return_1d,5,,,,,,,,,,
10499,14,5,2097,2105,-0.0237560573340789,-0.0161628424487504,-0.0075932148853284,-0.0440953519034795,0.0164350471921484,-0.0251536929591748,-0.0841325424767292,0.0282000104807201,0.564,P5_unfiltered_labeled,f_ts_slope_lag,y_ret,5,,,,,,,,,,
35225,79,5,6961,7069,0.0169515874156012,0.0138633470080633,0.0030882404075378,-0.0061588386461614,0.0135611047504878,0.0164380649340983,-0.0118487680321671,0.0448725047336603,0.568,P5_unfiltered_labeled,f_vol20_lag,y_orion_opt,5,,,,,,,,,,
35225,79,5,6961,7069,0.0169515874156012,0.0138633470080633,0.0030882404075378,-0.0061588386461614,0.0135611047504878,0.0164380649340983,-0.0118487680321671,0.0448725047336603,0.568,P5_unfiltered_labeled,f_vol20_lag,y_orion_pess,5,,,,,,,,,,
1473,13,2,30,1443,0.0055843515633149,-0.0004863105683572,0.0060706621316721,-0.0281263208907585,0.0174539655477668,0.1179785598771132,-0.0725129503601852,0.2342962752936659,0.570264765784114,P5_unfiltered_labeled,f_gamma_lag,y_und_return_5d,5,,,,,,,,,,
10499,14,5,2097,2105,0.0095374344301382,0.0057007125890736,0.0038367218410646,-0.0102147790422426,0.0132543357133971,0.0451962117634439,0.0083570952107487,0.0592607991972831,0.572,P5_unfiltered_labeled,f_ts_slope_lag,y_orion_opt,5,,,,,,,,,,
10499,14,5,2097,2105,0.0095374344301382,0.0057007125890736,0.0038367218410646,-0.0102147790422426,0.0132543357133971,0.0451962117634439,0.0083570952107487,0.0592607991972831,0.572,P5_unfiltered_labeled,f_ts_slope_lag,y_orion_pess,5,,,,,,,,,,
39194,80,5,7839,7869,0.1043500446485521,0.1127208031516075,-0.0083707585030554,-0.0404456107354808,0.0226439463060907,-0.0108819451864869,-0.0364551852921935,0.0155370294083361,0.576,P5_unfiltered_labeled,f_tox_lag,y_tp,5,,,,,,,,,,
41812,80,5,8331,8367,-0.0115825538603664,-0.0059983556675838,-0.0055841981927826,-0.0274986707297956,0.01507471210161,-0.0045708928112115,-0.0323685870266824,0.0236709244430029,0.576,P5_unfiltered_labeled,f_netbull_lag,y_ret,5,,,,,,,,,,
5599,20,5,1120,1120,0.0005688749341493,0.0064773433485729,-0.0059084684144236,-0.0254152220021844,0.0322357754511945,-0.1117909516729575,-0.2218873417978784,0.0679860741082474,0.592,P5_unfiltered_labeled,f_logmoney,y_und_return_5d,5,,,,,,,,,,
10499,14,5,2097,2105,0.0958512160228898,0.0783847980997624,0.0174664179231273,-0.0374396407282688,0.0476226416598757,0.0543514315654956,-0.0105199487267583,0.0921593391764044,0.6,P5_unfiltered_labeled,f_ts_slope_lag,y_tp,5,,,,,,,,,,
67179,94,5,13436,13436,0.1021137243227151,0.0942988984816909,0.0078148258410241,-0.0330459540068385,0.0409469734864714,0.008181996897567,-0.0421988363701838,0.05064342927836,0.62,P5_unfiltered_labeled,f_logmoney,y_tp,5,,,,,,,,,,
52315,63,5,10462,10463,0.0140508506977633,0.0125203096626206,0.0015305410351426,-0.0042204063251062,0.0067925172710574,-0.0012489509984017,-0.0167169597754949,0.0126758018524922,0.624,P5_unfiltered_labeled,f_maxpain_dist,y_orion_opt,5,,,,,,,,,,
52315,63,5,10462,10463,0.0140508506977633,0.0125203096626206,0.0015305410351426,-0.0042204063251062,0.0067925172710574,-0.0012489509984017,-0.0167169597754949,0.0126758018524922,0.624,P5_unfiltered_labeled,f_maxpain_dist,y_orion_pess,5,,,,,,,,,,
46554,92,5,9307,9312,0.0154722252068335,0.017504295532646,-0.0020320703258124,-0.0097667480921412,0.00892150213711,-0.0096576421862013,-0.0340182900267949,0.0178019438649615,0.628,P5_unfiltered_labeled,f_abs_delta,y_orion_opt,5,,,,,,,,,,
46554,92,5,9307,9312,0.0154722252068335,0.017504295532646,-0.0020320703258124,-0.0097667480921412,0.00892150213711,-0.0096576421862013,-0.0340182900267949,0.0178019438649615,0.628,P5_unfiltered_labeled,f_abs_delta,y_orion_pess,5,,,,,,,,,,
1873,40,5,298,376,0.0001773025765826,0.002613472332154,-0.0024361697555713,-0.0089682209794112,0.0059863272873878,-0.0240087390909336,-0.08314148211507,0.0656076170321158,0.632,P5_unfiltered_labeled,f_oibuild_lag,y_und_return_1d,5,,,,,,,,,,
5616,47,2,301,5315,0.0041690324062337,0.0019389799035606,0.002230052502673,-0.0082739264705269,0.0109281899786486,0.048163240162161,-0.0179469822885351,0.1215350112197826,0.632,P5_unfiltered_labeled,f_gamma_lag,y_und_return_1d,5,,,,,,,,,,
5690,48,5,1138,1138,0.001520968518592,0.0127961257112927,-0.0112751571927006,-0.04002537502002,0.0419532955692074,-0.1368836725282,-0.3917020920213294,0.2592534598600552,0.64,P5_unfiltered_labeled,f_mom_align_5d,y_und_return_1d,5,,,,,,,,,,
13832,51,5,2766,2768,0.001629663597981,0.0025412226723847,-0.0009115590744037,-0.0050015286568658,0.002573839363823,0.0068807107290148,-0.0350016620671834,0.0479587165395873,0.652,P5_unfiltered_labeled,f_log_prem,y_und_return_1d,5,,,,,,,,,,
5666,47,5,1133,1134,0.0036666575949861,0.0017194642448754,0.0019471933501107,-0.0095803015541189,0.0070030250295781,0.0138400986089715,-0.0481582425481829,0.0465428235767587,0.652,P5_unfiltered_labeled,f_tox_lag,y_und_return_1d,5,,,,,,,,,,
5599,20,5,1120,1121,-0.0005328934303352,0.0004492793552213,-0.0009821727855566,-0.0069351984595528,0.0054906229486623,0.0091498151265313,-0.0432150343010638,0.0797419660508972,0.668,P5_unfiltered_labeled,f_log_prem,y_und_return_5d,5,,,,,,,,,,
41895,83,5,8372,8385,0.110606784519828,0.117829457364341,-0.007222672844513,-0.0326612084724808,0.0270073231334675,-0.0115997420514777,-0.0383736439499583,0.0233018554892286,0.672,P5_unfiltered_labeled,f_und_5d,y_tp,5,,,,,,,,,,
41812,80,5,7379,8369,-0.0041217496637944,-0.0005975934233474,-0.0035241562404469,-0.0208119268122184,0.0124487603500747,-0.0050893338333344,-0.023681727954288,0.0175438952470105,0.696,P5_unfiltered_labeled,f_sweepshare_lag,y_ret,5,,,,,,,,,,
1480,13,5,295,299,4.182697069926672e-05,-0.0043793261510917,0.0044211531217909,-0.02246898401105,0.0457900854995132,0.035272359727071,-0.0251513663443519,0.1438001024796181,0.6991869918699187,P5_unfiltered_labeled,f_und_5d,y_und_return_5d,5,,,,,,,,,,
4095,20,5,813,819,0.000918137166512,-0.0025972019883959,0.003515339154908,-0.0138520589652897,0.0199273566562446,-0.0081584497377281,-0.0918424788239666,0.0841032274435034,0.704,P5_unfiltered_labeled,f_iv,y_und_return_5d,5,,,,,,,,,,
964,13,5,181,197,-0.0048163460502693,-0.0009888938837685,-0.0038274521665007,-0.0180038950950845,0.0148076286328597,-0.0887759106595574,-0.2006147064782758,0.0889079049547966,0.704,P5_unfiltered_labeled,f_oibuild_lag,y_und_return_5d,5,,,,,,,,,,
39426,80,5,7733,7886,-0.009519842605241,-0.0062753298298614,-0.0032445127753796,-0.0232129185889275,0.0164333024509957,0.0112693997270899,-0.0200939091873307,0.046257100522063,0.708,P5_unfiltered_labeled,f_mom5d_lag,y_ret,5,,,,,,,,,,
41812,80,5,8331,8367,0.0165646380986676,0.0185251583602246,-0.001960520261557,-0.0127765616658451,0.0077437043471917,-0.0037054749100992,-0.0299894375543596,0.0231441441055893,0.708,P5_unfiltered_labeled,f_netbull_lag,y_orion_opt,5,,,,,,,,,,
41812,80,5,8331,8367,0.0165646380986676,0.0185251583602246,-0.001960520261557,-0.0127765616658451,0.0077437043471917,-0.0037054749100992,-0.0299894375543596,0.0231441441055893,0.708,P5_unfiltered_labeled,f_netbull_lag,y_orion_pess,5,,,,,,,,,,
35225,79,5,7044,7045,-0.0079921030200539,-0.0167360677793378,0.0087439647592839,-0.0636961201055007,0.0605911049103685,0.0523190144920103,-0.0758975524244124,0.1514959520728656,0.728,P5_unfiltered_labeled,f_hujacobs_lag,y_ret,5,,,,,,,,,,
55428,93,5,11086,11086,0.0118167057550063,0.0123579289193577,-0.0005412231643514,-0.0049414005082738,0.0028861056421112,-0.0032553239034497,-0.0158128406056607,0.0086407254026945,0.732,P5_unfiltered_labeled,f_prior_flow,y_orion_pess,5,,,,,,,,,,
1370,13,5,270,285,-0.0097164020031123,-0.0042671658299044,-0.0054492361732079,-0.0283526769929295,0.0284717844611402,-0.0412769770444805,-0.1942365441970054,0.1560044812429855,0.7414829659318637,P5_unfiltered_labeled,f_osiv_lag,y_und_return_5d,5,,,,,,,,,,
1480,13,5,295,303,-0.0054501636324776,-0.0026231148394337,-0.0028270487930438,-0.0317832493155888,0.0259210694093337,0.0026918702537439,-0.0333797681836664,0.0969836113325571,0.7454909819639278,P5_unfiltered_labeled,f_sweepshare_lag,y_und_return_5d,5,,,,,,,,,,
55428,93,5,11086,11086,0.1149197185639545,0.1123038066029226,0.0026159119610319,-0.0224855742380247,0.0211137952869739,0.0028652491907177,-0.0207122533689209,0.021647897256247,0.748,P5_unfiltered_labeled,f_prior_flow_align,y_tp,5,,,,,,,,,,
1474,13,5,295,295,-0.0092701469261674,0.0078355991408143,-0.0171057460669817,-0.3409365243864645,0.1082968181129191,-0.0141973532648261,-0.7341432063661455,0.565468476337034,0.756,P5_unfiltered_labeled,f_hujacobs,y_und_return_5d,5,,,,,,,,,,
41849,81,5,8368,8389,-0.0027831158075496,-0.0133913715411927,0.010608255733643,-0.0491258287451293,0.0600488385013877,0.0657748913711538,-0.058316640982368,0.1648514583762401,0.76,P5_unfiltered_labeled,f_hujacobs,y_ret,5,,,,,,,,,,
5690,48,5,1133,1209,0.0038833446640863,0.0056246379337273,-0.0017412932696409,-0.0136936136179154,0.0143063670198286,-0.0328785798939523,-0.1181049250571981,0.0856286446313098,0.772,P5_unfiltered_labeled,f_und_5d,y_und_return_1d,5,,,,,,,,,,
1474,13,5,295,296,-0.0099231203270319,0.0069669140380269,-0.0168900343650589,-0.3330126377630888,0.1088018791803857,0.0167734546002671,-0.7314009849813197,0.5958530891597456,0.776,P5_unfiltered_labeled,f_hujacobs_lag,y_und_return_5d,5,,,,,,,,,,
12307,51,5,2462,2462,0.0012462098028146,0.0004639453987561,0.0007822644040585,-0.0032022239169197,0.0048795322048905,-0.0050853161127418,-0.0362018615368384,0.0440005645064559,0.776,P5_unfiltered_labeled,f_prior_flow,y_und_return_1d,5,,,,,,,,,,
5211,19,5,985,1094,0.0050898977260578,0.0025649221946082,0.0025249755314495,-0.012464603905622,0.020189019246098,-0.0348010606934447,-0.0837051164026673,0.0181910637195498,0.784,P5_unfiltered_labeled,f_iv_rank,y_und_return_5d,5,,,,,,,,,,
5658,48,5,1129,1135,0.0033429321552481,0.0041020066496751,-0.000759074494427,-0.0073564462349976,0.010547194366189,0.0004994270120967,-0.0478704173521987,0.0850086986522419,0.8,P5_unfiltered_labeled,f_und_30d,y_und_return_1d,5,,,,,,,,,,
39194,80,5,7839,7869,0.0131394310498788,0.0146143093150336,-0.0014748782651548,-0.0113817315998647,0.0071937521240786,-0.0099634592133923,-0.033518663543256,0.0115530086416341,0.8,P5_unfiltered_labeled,f_tox_lag,y_orion_opt,5,,,,,,,,,,
39194,80,5,7839,7869,0.0131394310498788,0.0146143093150336,-0.0014748782651548,-0.0113817315998647,0.0071937521240786,-0.0099634592133923,-0.033518663543256,0.0115530086416341,0.8,P5_unfiltered_labeled,f_tox_lag,y_orion_pess,5,,,,,,,,,,
5668,47,2,594,5074,0.0012652239694065,0.0021423794311126,-0.000877155461706,-0.009727772247018,0.0079370548128691,0.0090948154419469,-0.0762873732661265,0.0542938279362372,0.8,P5_unfiltered_labeled,f_mktgex_lag,y_und_return_1d,5,,,,,,,,,,
1480,13,5,289,298,-0.008698458007156,-0.0040816277033976,-0.0046168303037583,-0.0209629066837076,0.0281619172721756,-0.0402246706537463,-0.1230803053712671,0.1933680481988348,0.808,P5_unfiltered_labeled,f_tox_lag,y_und_return_5d,5,,,,,,,,,,
55428,93,5,10855,14129,0.1111008751727314,0.1123929506688371,-0.0012920754961056,-0.0325322846461645,0.022916110243662,0.0023726745762079,-0.0328246329477097,0.0321464444406462,0.82,P5_unfiltered_labeled,f_prior_cnt,y_tp,5,,,,,,,,,,
66570,94,3,26628,26628,0.1147288568424215,0.113865104401382,0.0008637524410395,-0.0079861846862825,0.0113071906329921,0.0009244431553265,-0.0122689382514935,0.0149720710097263,0.828,P5_unfiltered_labeled,f_ask_share,y_tp,5,,,,,,,,,,
5211,19,5,1042,1044,-0.0025438194461746,0.0004412074421673,-0.0029850268883419,-0.0172393748983794,0.0128483178546161,-0.0001599757222275,-0.1216938116172364,0.0851825254228103,0.832,P5_unfiltered_labeled,f_maxpain_dist,y_und_return_5d,5,,,,,,,,,,
41812,80,5,7379,8369,0.0132809323756606,0.0124268132393356,0.000854119136325,-0.0064903027725885,0.0079442182418858,0.0072550958690945,-0.0129434069834118,0.027035781564745,0.832,P5_unfiltered_labeled,f_sweepshare_lag,y_orion_opt,5,,,,,,,,,,
41812,80,5,7379,8369,0.0132809323756606,0.0124268132393356,0.000854119136325,-0.0064903027725885,0.0079442182418858,0.0072550958690945,-0.0129434069834118,0.027035781564745,0.832,P5_unfiltered_labeled,f_sweepshare_lag,y_orion_pess,5,,,,,,,,,,
35225,79,5,6732,7069,-0.0130047879978468,-0.0102528946229269,-0.0027518933749198,-0.0234049533929397,0.0180631418707295,0.0010255094814099,-0.0336383318381776,0.0354573437510135,0.836,P5_unfiltered_labeled,f_mom20d_lag,y_ret,5,,,,,,,,,,
26108,79,5,5219,5240,-0.0114883998302199,-0.0085187062885722,-0.0029696935416477,-0.022056826847751,0.0196309608935605,0.0053016492085818,-0.0281399911619517,0.0496576302325824,0.836,P5_unfiltered_labeled,f_osivrank_lag,y_ret,5,,,,,,,,,,
4095,20,5,819,821,0.0009503875714378,0.0025902214609315,-0.0016398338894937,-0.0192537515783893,0.018245116301207,-0.0265858185287374,-0.1149416516043545,0.0901966874988869,0.84,P5_unfiltered_labeled,f_abs_delta,y_und_return_5d,5,,,,,,,,,,
41812,80,5,8331,8367,0.1226743488176689,0.1242978367395721,-0.0016234879219031,-0.0427961871496016,0.0317111286989324,0.0037549192543335,-0.0363744990113787,0.0362267281960279,0.848,P5_unfiltered_labeled,f_netbull_lag,y_tp,5,,,,,,,,,,
41783,81,5,8231,8362,0.1080063175798809,0.1116957665630232,-0.0036894489831422,-0.0412361371011175,0.0361773593911782,-0.006963982771781,-0.040862598680335,0.0331707717012764,0.856,P5_unfiltered_labeled,f_und_30d,y_tp,5,,,,,,,,,,
5018,20,5,978,1098,0.0014600395274547,0.0009734039913833,0.0004866355360713,-0.0095260374985171,0.0138584221935511,0.015920340809502,-0.0473333859748624,0.0741582709093297,0.856,P5_unfiltered_labeled,f_prior_cnt,y_und_return_5d,5,,,,,,,,,,
5675,48,5,1135,1147,0.0056095363048984,0.0026597117415297,0.0029498245633687,-0.0600499673677007,0.0356292099660744,0.034162880361033,-0.3155008887517609,0.2450626889051873,0.868,P5_unfiltered_labeled,f_hujacobs,y_und_return_1d,5,,,,,,,,,,
13832,51,5,2629,3445,0.0024858662927259,0.0020849813464499,0.000400884946276,-0.0053059466084007,0.0061445720310762,0.0057886129134728,-0.0532558133419058,0.048257045439669,0.868,P5_unfiltered_labeled,f_dte,y_und_return_1d,5,,,,,,,,,,
1474,13,5,295,297,0.0044277901608374,-0.0016065634823193,0.0060343536431567,-0.0620915226430041,0.0267396839692976,0.0315115517394107,-0.0927360453331982,0.0953746242656176,0.868,P5_unfiltered_labeled,f_rsi14_lag,y_und_return_5d,5,,,,,,,,,,
13832,51,5,2638,3548,0.0019252273286308,0.0016431811940179,0.0002820461346129,-0.0036119247765401,0.0032678609638819,0.0035619253404279,-0.0417773795874983,0.041135938914043,0.884,P5_unfiltered_labeled,f_trade_count,y_und_return_1d,5,,,,,,,,,,
52315,63,5,10462,10463,-0.0059040132175564,-0.0073241891724652,0.0014201759549087,-0.0184304817017822,0.0204939935638763,-0.0012320787375551,-0.0337635540081638,0.0358171150861742,0.888,P5_unfiltered_labeled,f_maxpain_dist,y_ret,5,,,,,,,,,,
67179,94,5,13436,13436,-0.0099096574516663,-0.0110613965535781,0.0011517391019117,-0.0095799719997935,0.0134534560209964,0.0166493507008222,-0.0016018216630995,0.0356771779027087,0.896,P5_unfiltered_labeled,f_log_prem,y_ret,5,,,,,,,,,,
5018,20,5,1004,1005,0.000326957078833,0.0009120052017692,-0.0005850481229361,-0.0123640853054637,0.0145280065003217,-0.0058589297121251,-0.0714459180596994,0.0626532378585418,0.896,P5_unfiltered_labeled,f_prior_flow,y_und_return_5d,5,,,,,,,,,,
41895,83,5,8378,8380,-0.0078472024526974,-0.0057400423695096,-0.0021071600831878,-0.0411349345060781,0.0420456522511401,-0.0030232737297522,-0.0778886648850981,0.0891685675213185,0.904,P5_unfiltered_labeled,f_mom_align_5d,y_ret,5,,,,,,,,,,
46554,92,5,9310,9311,-0.007901680818739,-0.0068388761843514,-0.0010628046343876,-0.0175173472202434,0.0177918340991886,-0.0408450954621726,-0.0661211403452972,-0.0122836949033486,0.916,P5_unfiltered_labeled,f_iv,y_ret,5,,,,,,,,,,
1474,13,5,295,295,-0.0004603901344684,0.0010966660143941,-0.0015570561488626,-0.0273726934643001,0.0455499744835026,0.0306252541799481,-0.0818188674806015,0.1359100465844281,0.924,P5_unfiltered_labeled,f_vrp,y_und_return_5d,5,,,,,,,,,,
26108,79,5,5219,5240,0.0984863000574822,0.099618320610687,-0.0011320205532047,-0.0343797567007812,0.0292181639216286,-0.0171477528179041,-0.06188722376767,0.0321145082874436,0.936,P5_unfiltered_labeled,f_osivrank_lag,y_tp,5,,,,,,,,,,
1474,13,5,288,315,-0.0061436821171618,-0.0041925102174338,-0.001951171899728,-0.0371377902906123,0.0283447677491645,-0.0616713275813977,-0.1879575682347311,0.1246060464788223,0.936,P5_unfiltered_labeled,f_vol20_lag,y_und_return_5d,5,,,,,,,,,,
67179,94,5,13426,13891,0.1406226724266349,0.1400187171549924,0.0006039552716424,-0.0327944561852464,0.0326596483765941,0.0004547399132261,-0.0326280395284269,0.0309402084673731,0.956,P5_unfiltered_labeled,f_minutes_open,y_tp,5,,,,,,,,,,
11519,28,5,2304,2311,0.0028802518623495,0.0026525143354613,0.0002277375268882,-0.0037427837653964,0.0056899480499122,-0.0138073146542742,-0.048813599675815,0.0276779921964972,0.964,P5_unfiltered_labeled,f_iv_rank,y_und_return_1d,5,,,,,,,,,,
4940,46,5,988,1010,0.0014271296671298,0.0003430904821754,0.0010840391849543,-0.05956097700896,0.0416759345819753,0.0195447098474625,-0.3099388678734617,0.2919733078879186,0.972,P5_unfiltered_labeled,f_hujacobs_lag,y_und_return_1d,5,,,,,,,,,,
41895,83,5,8378,8380,0.011577942229649,0.0116945107398568,-0.0001165685102077,-0.0073272169556706,0.0066910077492394,-0.005669362404532,-0.0282365764805741,0.0159067991119762,0.976,P5_unfiltered_labeled,f_mom_align_5d,y_orion_opt,5,,,,,,,,,,
41895,83,5,8378,8380,0.011577942229649,0.0116945107398568,-0.0001165685102077,-0.0073272169556706,0.0066910077492394,-0.005669362404532,-0.0282365764805741,0.0159067991119762,0.976,P5_unfiltered_labeled,f_mom_align_5d,y_orion_pess,5,,,,,,,,,,
67179,94,5,13223,13562,0.1405883687514179,0.1409821560241852,-0.0003937872727672,-0.0323519302911266,0.0328613238401248,-0.0004279791543309,-0.0309094226003744,0.0327141683749394,0.98,P5_unfiltered_labeled,f_minutes_close,y_tp,5,,,,,,,,,,
41849,81,5,8368,8375,0.0138623326959847,0.013731343283582,0.0001309894124026,-0.0087581148542958,0.0086714518621693,0.0072004443928974,-0.0217540859094045,0.0289786345380497,0.988,P5_unfiltered_labeled,f_rv20,y_orion_opt,5,,,,,,,,,,
41849,81,5,8368,8375,0.0138623326959847,0.013731343283582,0.0001309894124026,-0.0087581148542958,0.0086714518621693,0.0072004443928974,-0.0217540859094045,0.0289786345380497,0.988,P5_unfiltered_labeled,f_rv20,y_orion_pess,5,,,,,,,,,,
55428,93,5,11086,11086,-0.0093896070552486,-0.0096823492505795,0.0002927421953309,-0.0264341060056162,0.0259589513816749,0.0107110230934951,-0.0303361907884437,0.0526802060696738,0.988,P5_unfiltered_labeled,f_prior_flow_align,y_ret,5,,,,,,,,,,
35225,79,5,6732,7069,0.0155971479500891,0.0155608997029282,3.624824716084822e-05,-0.0086315683295302,0.0088179903197619,-0.0069724712903907,-0.0251681554923168,0.0130430392110186,0.996,P5_unfiltered_labeled,f_mom20d_lag,y_orion_opt,5,,,,,,,,,,
35225,79,5,6732,7069,0.0155971479500891,0.0155608997029282,3.624824716084822e-05,-0.0086315683295302,0.0088179903197619,-0.0069724712903907,-0.0251681554923168,0.0130430392110186,0.996,P5_unfiltered_labeled,f_mom20d_lag,y_orion_pess,5,,,,,,,,,,
13832,51,5,2767,2767,0.0033722735414637,0.0032080052884102,0.0001642682530535,-0.0185580031608499,0.0194283745745114,-0.0137164848660531,-0.1882940453229446,0.1608277606726235,1.0,P5_unfiltered_labeled,f_logmoney,y_und_return_1d,5,,,,,,,,,,
1474,13,5,295,297,0.0020567019509048,-0.0001683522680211,0.002225054218926,-0.0558221911916388,0.0432469778770806,0.0364599151711292,-0.1045109026072066,0.1057699221904931,1.0,P5_unfiltered_labeled,f_mom20d_lag,y_und_return_5d,5,,,,,,,,,,
55428,93,5,10855,14129,-0.0080627809220275,-0.0087265407131426,0.000663759791115,-0.0175263309007295,0.0185481257267772,-0.0110146910130484,-0.0367896931662926,0.0156812779004755,1.0,P5_unfiltered_labeled,f_prior_cnt,y_ret,5,,,,,,,,,,
